case_id,language,case_family,gate_id,expected,kev_probability,threshold,decision,jev_probability,classification,text,gate_wording
cd-03,en,contradictory_current_state,billing_problem,NO,0.9055,0.3818,YES,0.66,model_semantic_error,"I was going to leave you for Telia, but their install fee changed my mind. For now I am staying.","Is the customer presenting a problem about charges, invoices, payments, refunds or pricing - such as unexpected charges, billing errors, refund issues, payment failures, or disputed amounts? Include indirect but clear expressions. Exclude: questions about subscription terms (starting, changing, ending a subscription), technical service problems with no money aspect, and general dissatisfaction without a billing topic."
ob-14,en,obvious,contract_problem,NO,0.7399,0.7287,YES,0.62,language_inconsistency,I have been charged for a premium channel I never ordered. Remove it and refund the last two months.,"Is the customer raising a subscription or contract issue - such as starting, changing, renewing, transferring or ending a subscription, contract terms, unexpected contract modifications, or orders for new services? Exclude: charge/pricing disputes and technical service faults."
mu-16,en,multi_concept,contract_problem,YES,0.4038,0.7287,NO,0.34,model_semantic_error,"I asked for a new SIM three weeks ago, nothing has arrived, and the tracking case was closed without anyone telling me.","Is the customer raising a subscription or contract issue - such as starting, changing, renewing, transferring or ending a subscription, contract terms, unexpected contract modifications, or orders for new services? Exclude: charge/pricing disputes and technical service faults."
bd-12,en,close_boundary,contract_problem,NO,0.8568,0.7287,YES,0.42,language_inconsistency,Fix the connection or we will see about the future of this subscription.,"Is the customer raising a subscription or contract issue - such as starting, changing, renewing, transferring or ending a subscription, contract terms, unexpected contract modifications, or orders for new services? Exclude: charge/pricing disputes and technical service faults."
cd-03,en,contradictory_current_state,contract_problem,NO,0.7301,0.7287,YES,0.39,threshold_error,"I was going to leave you for Telia, but their install fee changed my mind. For now I am staying.","Is the customer raising a subscription or contract issue - such as starting, changing, renewing, transferring or ending a subscription, contract terms, unexpected contract modifications, or orders for new services? Exclude: charge/pricing disputes and technical service faults."
mu-16,en,multi_concept,support_interaction_problem,YES,0.6171,0.7602,NO,0.7,model_semantic_error,"I asked for a new SIM three weeks ago, nothing has arrived, and the tracking case was closed without anyone telling me.","Is the customer complaining about the treatment or handling by support or staff - e.g. rude or unhelpful responses, being ignored, transferred repeatedly, broken callbacks, wrong information, or unacceptable wait times? Exclude: complaints about the product or service itself with no staff-interaction angle."
ng-08,en,negation_lexical_trap,unresolved_issue,NO,0.6866,0.6646,YES,0.67,threshold_error,"I am not angry, I am disappointed. There is a difference. The outages continue.","Is the customer saying their issue is still unresolved after previous contact or attempts - e.g. 'still not fixed', repeated contact about the same problem, references to earlier tickets or promises, or no reply to earlier messages? Exclude first-contact reports with no prior-contact framing and problems the customer says are resolved."
mu-20,en,multi_concept,positive_support_experience,YES,0.1578,0.6783,NO,0.25,model_semantic_error,"Support solved my email issue quickly, but the same problem returned this morning, and the agent promised it would not.","Does the customer express genuine satisfaction, gratitude or praise - thanks, compliments about staff, service or a well-solved problem? Exclude politeness formulas that open a request ('thanks in advance'), sarcasm, and neutral factual statements."
lg-02,en,long_noisy,negative_support_experience,NO,0.8393,0.8195,YES,0.91,threshold_error,"Dear Nordbo, I write regarding ticket 88123 opened on the 14th and ticket 90455 opened on the 22nd, both about packet loss on the evening network in my area. I have attached ping logs, traceroutes, and screenshots. I rebooted the router as advised, tried the spare router as advised, and moved the router away from the microwave as advised. The problem persists between 20:00 and 23:00 daily. I work evenings and this affects my livelihood. Your technicians are polite and clearly try, but the advice cycle repeats itself. I request escalation to someone who can examine the area infrastructure rather than my kitchen appliances.","Does the customer express dissatisfaction, frustration, disappointment or anger about the service, product or treatment - e.g. 'terrible', 'fed up', 'had enough', 'unacceptable'? Exclude neutral factual problem reports with no expressed affect."
ng-09,en,negation_lexical_trap,competitor_consideration,NO,0.8943,0.604,YES,0.47,model_semantic_error,"Thanks in advance for fixing the billing error. Unlike your competitor, you usually sort things out.","Does the customer mention or compare a competing provider's offerings - naming competitor deals, prices or features, saying another provider seems better or cheaper, or asking us to match one? Exclude non-telecom companies and generic dissatisfaction with no competitor framing."
ob-19,en,obvious,churn_risk,YES,0.7585,0.77245,NO,0.62,language_inconsistency,I do not want to continue after this month. Please terminate the mobile subscription then.,"Does the message indicate the customer relationship is at risk - considering leaving or switching providers, questioning whether to remain, examining competitor offers with interest, a conditional intention to leave if problems continue, non-renewal thinking, or portability questions with leaving overtones? Include indirect and conditional expressions. Exclude: generic dissatisfaction with no leaving overtones, explicit requests to cancel right now, and past churn the customer says is resolved."
mu-02,en,multi_concept,churn_risk,NO,0.8024,0.77245,YES,0.34,threshold_error,"I was overcharged again this month, the third incorrect invoice in a row, and your chat support just ended the conversation without helping.","Does the message indicate the customer relationship is at risk - considering leaving or switching providers, questioning whether to remain, examining competitor offers with interest, a conditional intention to leave if problems continue, non-renewal thinking, or portability questions with leaving overtones? Include indirect and conditional expressions. Exclude: generic dissatisfaction with no leaving overtones, explicit requests to cancel right now, and past churn the customer says is resolved."
bd-09,en,close_boundary,churn_risk,NO,0.7772,0.77245,YES,0.32,language_inconsistency,The internet is slow but only when it rains. Should a modern network behave like that?,"Does the message indicate the customer relationship is at risk - considering leaving or switching providers, questioning whether to remain, examining competitor offers with interest, a conditional intention to leave if problems continue, non-renewal thinking, or portability questions with leaving overtones? Include indirect and conditional expressions. Exclude: generic dissatisfaction with no leaving overtones, explicit requests to cancel right now, and past churn the customer says is resolved."
cd-03,en,contradictory_current_state,churn_risk,NO,0.9275,0.77245,YES,0.92,model_semantic_error,"I was going to leave you for Telia, but their install fee changed my mind. For now I am staying.","Does the message indicate the customer relationship is at risk - considering leaving or switching providers, questioning whether to remain, examining competitor offers with interest, a conditional intention to leave if problems continue, non-renewal thinking, or portability questions with leaving overtones? Include indirect and conditional expressions. Exclude: generic dissatisfaction with no leaving overtones, explicit requests to cancel right now, and past churn the customer says is resolved."
cd-03,sv,contradictory_current_state,billing_problem,NO,0.9196,0.3818,YES,0.61,model_semantic_error,"Jag tänkte lämna er för Telia, men deras installationsavgift fick mig att ändra mig. Tills vidare stannar jag.","Tar kunden upp ett problem med debitering, fakturor, betalningar, återbetalningar eller priser, till exempel oväntade avgifter, fakturafel, utebliven återbetalning, misslyckad betalning eller ett belopp som ifrågasätts? Ta med indirekta men tydliga uttryck. Uteslut frågor om abonnemangsvillkor (att starta, ändra eller avsluta ett abonnemang), tekniska tjänstefel utan ekonomisk aspekt och allmänt missnöje utan koppling till betalning."
mu-20,sv,multi_concept,technical_problem,YES,0.4827,0.5715,NO,0.81,language_inconsistency,"Supporten löste mitt e-postproblem snabbt, men samma problem kom tillbaka i morse trots att medarbetaren lovade att det inte skulle göra det.","Rapporterar kunden ett tekniskt problem eller ett fel i själva tjänsten, till exempel avbrott, instabilt eller långsamt internet, wifi-problem, strömning som inte fungerar, utrustningsfel eller avbrutna anslutningar? Ta med aktuella klagomål på tjänstens kvalitet. Uteslut fakturafrågor, önskemål om abonnemangsvillkor, personalens bemötande och problem som kunden säger redan är lösta."
bd-12,sv,close_boundary,technical_problem,YES,0.3379,0.5715,NO,0.8,language_inconsistency,"Laga uppkopplingen, annars får vi se hur det blir med det här abonnemanget framöver.","Rapporterar kunden ett tekniskt problem eller ett fel i själva tjänsten, till exempel avbrott, instabilt eller långsamt internet, wifi-problem, strömning som inte fungerar, utrustningsfel eller avbrutna anslutningar? Ta med aktuella klagomål på tjänstens kvalitet. Uteslut fakturafrågor, önskemål om abonnemangsvillkor, personalens bemötande och problem som kunden säger redan är lösta."
mu-16,sv,multi_concept,contract_problem,YES,0.1628,0.7287,NO,0.68,model_semantic_error,Jag beställde ett nytt SIM-kort för tre veckor sedan. Inget har kommit och ärendet stängdes utan att någon berättade det för mig.,"Tar kunden upp en fråga eller ett problem om abonnemang eller avtal, till exempel att starta, ändra, förnya, överlåta eller avsluta ett abonnemang, avtalsvillkor, oväntade avtalsändringar eller beställning av nya tjänster? Uteslut tvister om debitering eller pris och tekniska tjänstefel."
mu-16,sv,multi_concept,support_interaction_problem,YES,0.5432,0.7602,NO,0.81,model_semantic_error,Jag beställde ett nytt SIM-kort för tre veckor sedan. Inget har kommit och ärendet stängdes utan att någon berättade det för mig.,"Klagar kunden på hur support eller personal har bemött eller hanterat ärendet, till exempel otrevliga eller ohjälpsamma svar, att bli ignorerad, upprepade vidarekopplingar, uteblivna återuppringningar, felaktig information eller orimliga väntetider? Uteslut klagomål på själva produkten eller tjänsten utan koppling till kontakten med personalen."
mu-20,sv,multi_concept,support_interaction_problem,NO,0.7645,0.7602,YES,0.86,threshold_error,"Supporten löste mitt e-postproblem snabbt, men samma problem kom tillbaka i morse trots att medarbetaren lovade att det inte skulle göra det.","Klagar kunden på hur support eller personal har bemött eller hanterat ärendet, till exempel otrevliga eller ohjälpsamma svar, att bli ignorerad, upprepade vidarekopplingar, uteblivna återuppringningar, felaktig information eller orimliga väntetider? Uteslut klagomål på själva produkten eller tjänsten utan koppling till kontakten med personalen."
mu-16,sv,multi_concept,unresolved_issue,YES,0.5884,0.6646,NO,0.77,language_inconsistency,Jag beställde ett nytt SIM-kort för tre veckor sedan. Inget har kommit och ärendet stängdes utan att någon berättade det för mig.,"Säger kunden att problemet fortfarande är olöst efter tidigare kontakt eller försök, till exempel ""fortfarande inte åtgärdat"", upprepad kontakt om samma problem, hänvisningar till tidigare ärenden eller löften, eller uteblivna svar på tidigare meddelanden? Uteslut första felanmälningar utan hänvisning till tidigare kontakt och problem som kunden säger är lösta."
ng-08,sv,negation_lexical_trap,unresolved_issue,NO,0.8868,0.6646,YES,0.61,model_semantic_error,"Jag är inte arg, jag är besviken. Det är skillnad. Avbrotten fortsätter.","Säger kunden att problemet fortfarande är olöst efter tidigare kontakt eller försök, till exempel ""fortfarande inte åtgärdat"", upprepad kontakt om samma problem, hänvisningar till tidigare ärenden eller löften, eller uteblivna svar på tidigare meddelanden? Uteslut första felanmälningar utan hänvisning till tidigare kontakt och problem som kunden säger är lösta."
bd-09,sv,close_boundary,recurring_problem,YES,0.6097,0.7099,NO,0.82,language_inconsistency,"Internet är långsamt, men bara när det regnar. Ska ett modernt nät fungera så?","Beskriver meddelandet ett problem som har inträffat flera gånger eller fortsätter att komma tillbaka, till exempel ""igen"", ""varje vecka"", ""händer hela tiden"" eller ""till och från i månader""? Uteslut enstaka händelser och ""igen"" när det bara syftar på att kontakta supporten igen, inte att själva problemet återkommer."
mu-20,sv,multi_concept,positive_support_experience,YES,0.4571,0.6783,NO,0.19,model_semantic_error,"Supporten löste mitt e-postproblem snabbt, men samma problem kom tillbaka i morse trots att medarbetaren lovade att det inte skulle göra det.","Uttrycker kunden äkta nöjdhet, tacksamhet eller beröm, till exempel tack, komplimanger om personalen eller tjänsten eller uppskattning för ett väl löst problem? Uteslut artighetsfraser som inleder en begäran (""tack på förhand""), sarkasm och neutrala faktauppgifter."
mu-04,sv,multi_concept,negative_support_experience,YES,0.6411,0.8195,NO,0.81,language_inconsistency,Jag vill byta till ett mindre tv-paket och även klaga på att streamingkvaliteten har varit usel på sistone.,"Uttrycker kunden missnöje, frustration, besvikelse eller ilska över tjänsten, produkten eller bemötandet, till exempel ""hemskt"", ""trött på detta"", ""fått nog"" eller ""oacceptabelt""? Uteslut neutrala sakliga felbeskrivningar utan uttryckt känsla."
mu-20,sv,multi_concept,negative_support_experience,NO,0.8576,0.8195,YES,0.74,threshold_error,"Supporten löste mitt e-postproblem snabbt, men samma problem kom tillbaka i morse trots att medarbetaren lovade att det inte skulle göra det.","Uttrycker kunden missnöje, frustration, besvikelse eller ilska över tjänsten, produkten eller bemötandet, till exempel ""hemskt"", ""trött på detta"", ""fått nog"" eller ""oacceptabelt""? Uteslut neutrala sakliga felbeskrivningar utan uttryckt känsla."
ng-09,sv,negation_lexical_trap,competitor_consideration,NO,0.9229,0.604,YES,0.39,model_semantic_error,Tack på förhand för att ni rättar fakturafelet. Till skillnad från er konkurrent brukar ni lösa sådant.,"Nämner eller jämför kunden en konkurrerande leverantörs erbjudande, till exempel en konkurrents priser, kampanjer eller funktioner, att en annan leverantör verkar bättre eller billigare, eller en begäran att matcha ett erbjudande? Uteslut företag utanför telekom och allmänt missnöje utan koppling till en konkurrent."
cd-03,sv,contradictory_current_state,churn_risk,NO,0.9242,0.77245,YES,0.62,model_semantic_error,"Jag tänkte lämna er för Telia, men deras installationsavgift fick mig att ändra mig. Tills vidare stannar jag.","Tyder meddelandet på att kundrelationen är i fara, till exempel att kunden överväger att lämna eller byta leverantör, ifrågasätter om hen ska stanna kvar, undersöker konkurrenters erbjudanden med intresse, vill lämna om problemen fortsätter, funderar på att inte förnya eller frågar om nummerflytt med antydan om att lämna? Ta med indirekta och villkorade uttryck. Uteslut allmänt missnöje utan antydan om att lämna, uttryckliga önskemål om att säga upp nu och tidigare funderingar på att lämna som kunden säger är avklarade."
