track,provider,language,gate_id,review_threshold,accept_threshold,precision,recall,f1,balanced_accuracy,roc_auc,pr_auc,brier,review_rate,tp,fp,fn,tn
A-jev-drop-in,jev,en,billing_problem,0.35,0.75,1,1,1,1,1,1,0.0227,0.043478,7,0,0,16
A-jev-drop-in,jev,en,technical_problem,0.35,0.75,1,1,1,1,1,1,0.01793,0.043478,7,0,0,16
A-jev-drop-in,jev,en,contract_problem,0.35,0.75,1,0.833333,0.909091,0.916667,0.962963,0.933333,0.071621,0.166667,5,0,1,18
A-jev-drop-in,jev,en,support_interaction_problem,0.35,0.75,0.666667,0.666667,0.666667,0.810606,0.954545,0.833333,0.07662,0.12,2,1,1,21
A-jev-drop-in,jev,en,unresolved_issue,0.4,0.8,1,1,1,1,1,1,0.034876,0.04,5,0,0,20
A-jev-drop-in,jev,en,recurring_problem,0.4,0.8,1,1,1,1,1,1,0.033372,0.04,5,0,0,20
A-jev-drop-in,jev,en,positive_support_experience,0.4,0.8,1,0.5,0.666667,0.75,0.988095,0.95,0.043312,0,2,0,2,21
A-jev-drop-in,jev,en,negative_support_experience,0.4,0.8,0.714286,1,0.833333,0.95,1,1,0.164168,0.2,5,2,0,18
A-jev-drop-in,jev,en,competitor_consideration,0.4,0.8,1,1,1,1,1,1,0.009456,0.04,3,0,0,22
A-jev-drop-in,jev,en,churn_risk,0.3,0.7,0.75,0.75,0.75,0.85,0.9875,0.95,0.088521,0.25,3,1,1,19
A-jev-drop-in,jev,en,explicit_cancellation_intent,0.45,0.85,1,1,1,1,1,1,0.021556,0.04,1,0,0,24
A-jev-drop-in,jev,sv,billing_problem,0.35,0.75,1,1,1,1,1,1,0.018391,0.043478,7,0,0,16
A-jev-drop-in,jev,sv,technical_problem,0.35,0.75,1,0.857143,0.923077,0.928571,1,1,0.0163,0.043478,6,0,1,16
A-jev-drop-in,jev,sv,contract_problem,0.35,0.75,1,0.666667,0.8,0.833333,0.990741,0.97619,0.060029,0.208333,4,0,2,18
A-jev-drop-in,jev,sv,support_interaction_problem,0.35,0.75,0.6,1,0.75,0.954545,0.977273,0.916667,0.072288,0.04,3,2,0,20
A-jev-drop-in,jev,sv,unresolved_issue,0.4,0.8,1,0.8,0.888889,0.9,1,1,0.040052,0.12,4,0,1,20
A-jev-drop-in,jev,sv,recurring_problem,0.4,0.8,0.833333,1,0.909091,0.975,0.99,0.966667,0.05154,0.04,5,1,0,19
A-jev-drop-in,jev,sv,positive_support_experience,0.4,0.8,1,0.5,0.666667,0.75,1,1,0.04052,0.04,2,0,2,21
A-jev-drop-in,jev,sv,negative_support_experience,0.4,0.8,0.833333,1,0.909091,0.975,0.985,0.966667,0.147128,0.24,5,1,0,19
A-jev-drop-in,jev,sv,competitor_consideration,0.4,0.8,1,1,1,1,1,1,0.007144,0,3,0,0,22
A-jev-drop-in,jev,sv,churn_risk,0.3,0.7,1,1,1,1,1,1,0.055367,0.208333,4,0,0,20
A-jev-drop-in,jev,sv,explicit_cancellation_intent,0.45,0.85,1,1,1,1,1,1,0.02016,0.04,1,0,0,24
A-kev-drop-in,kev,en,billing_problem,0.35,0.75,0.875,1,0.933333,0.96875,0.991071,0.982143,0.043327,0,7,1,0,15
A-kev-drop-in,kev,en,technical_problem,0.35,0.75,1,1,1,1,1,1,0.047826,0.130435,7,0,0,16
A-kev-drop-in,kev,en,contract_problem,0.35,0.75,0.833333,0.833333,0.833333,0.888889,0.944444,0.896465,0.129252,0.208333,5,1,1,17
A-kev-drop-in,kev,en,support_interaction_problem,0.35,0.75,0.666667,0.666667,0.666667,0.810606,0.954545,0.833333,0.101874,0.16,2,1,1,21
A-kev-drop-in,kev,en,unresolved_issue,0.4,0.8,1,1,1,1,1,1,0.093877,0.2,5,0,0,20
A-kev-drop-in,kev,en,recurring_problem,0.4,0.8,1,1,1,1,1,1,0.014116,0,5,0,0,20
A-kev-drop-in,kev,en,positive_support_experience,0.4,0.8,1,0.75,0.857143,0.875,0.97619,0.916667,0.035472,0,3,0,1,21
A-kev-drop-in,kev,en,negative_support_experience,0.4,0.8,0.714286,1,0.833333,0.95,1,1,0.219497,0.28,5,2,0,18
A-kev-drop-in,kev,en,competitor_consideration,0.4,0.8,0.75,1,0.857143,0.977273,1,1,0.034537,0,3,1,0,21
A-kev-drop-in,kev,en,churn_risk,0.3,0.7,0.5,1,0.666667,0.9,0.9625,0.892857,0.253415,0.458333,4,4,0,16
A-kev-drop-in,kev,en,explicit_cancellation_intent,0.45,0.85,,0,0,0.5,1,1,0.035361,0.08,0,0,1,24
A-kev-drop-in,kev,sv,billing_problem,0.35,0.75,0.875,1,0.933333,0.96875,0.982143,0.961735,0.042468,0,7,1,0,15
A-kev-drop-in,kev,sv,technical_problem,0.35,0.75,1,0.714286,0.833333,0.857143,0.973214,0.947846,0.070984,0.130435,5,0,2,16
A-kev-drop-in,kev,sv,contract_problem,0.35,0.75,1,0.833333,0.909091,0.916667,0.944444,0.916667,0.095304,0.125,5,0,1,18
A-kev-drop-in,kev,sv,support_interaction_problem,0.35,0.75,0.666667,0.666667,0.666667,0.810606,0.984848,0.916667,0.080075,0.16,2,1,1,21
A-kev-drop-in,kev,sv,unresolved_issue,0.4,0.8,0.75,0.6,0.666667,0.775,0.96,0.81,0.078849,0.12,3,1,2,19
A-kev-drop-in,kev,sv,recurring_problem,0.4,0.8,1,0.6,0.75,0.8,1,1,0.060971,0.16,3,0,2,20
A-kev-drop-in,kev,sv,positive_support_experience,0.4,0.8,1,0.5,0.666667,0.75,0.988095,0.95,0.037532,0.12,2,0,2,21
A-kev-drop-in,kev,sv,negative_support_experience,0.4,0.8,0.8,0.8,0.8,0.875,0.97,0.925,0.147877,0.28,4,1,1,19
A-kev-drop-in,kev,sv,competitor_consideration,0.4,0.8,0.75,1,0.857143,0.977273,0.984848,0.916667,0.035479,0,3,1,0,21
A-kev-drop-in,kev,sv,churn_risk,0.3,0.7,0.666667,1,0.8,0.95,0.9625,0.804167,0.19273,0.458333,4,2,0,18
A-kev-drop-in,kev,sv,explicit_cancellation_intent,0.45,0.85,,0,0,0.5,1,1,0.048022,0.08,0,0,1,24
B-jev-calibrated,jev,en,billing_problem,0.35,0.35,0.875,1,0.933333,0.96875,1,1,0.0227,0,7,1,0,15
B-jev-calibrated,jev,en,technical_problem,0.35,0.46,0.875,1,0.933333,0.96875,1,1,0.01793,0,7,1,0,15
B-jev-calibrated,jev,en,contract_problem,0.35,0.75,1,0.833333,0.909091,0.916667,0.962963,0.933333,0.071621,0.166667,5,0,1,18
B-jev-calibrated,jev,en,support_interaction_problem,0.35,0.85,1,0.666667,0.8,0.833333,0.954545,0.833333,0.07662,0.16,2,0,1,22
B-jev-calibrated,jev,en,unresolved_issue,0.4,0.84,1,1,1,1,1,1,0.034876,0.04,5,0,0,20
B-jev-calibrated,jev,en,recurring_problem,0.4,0.925,1,0.8,0.888889,0.9,1,1,0.033372,0.08,4,0,1,20
B-jev-calibrated,jev,en,positive_support_experience,0.4,0.57,1,0.5,0.666667,0.75,0.988095,0.95,0.043312,0,2,0,2,21
B-jev-calibrated,jev,en,negative_support_experience,0.4,0.865,0.833333,1,0.909091,0.975,1,1,0.164168,0.24,5,1,0,19
B-jev-calibrated,jev,en,competitor_consideration,0.4,0.52,1,1,1,1,1,1,0.009456,0.04,3,0,0,22
B-jev-calibrated,jev,en,churn_risk,0.3,0.49,0.666667,1,0.8,0.95,0.9875,0.95,0.088521,0.166667,4,2,0,18
B-jev-calibrated,jev,en,explicit_cancellation_intent,0.45,0.63,0.5,1,0.666667,0.979167,1,1,0.021556,0,1,1,0,23
B-jev-calibrated,jev,sv,billing_problem,0.35,0.35,0.875,1,0.933333,0.96875,1,1,0.018391,0,7,1,0,15
B-jev-calibrated,jev,sv,technical_problem,0.35,0.46,1,1,1,1,1,1,0.0163,0,7,0,0,16
B-jev-calibrated,jev,sv,contract_problem,0.35,0.75,1,0.666667,0.8,0.833333,0.990741,0.97619,0.060029,0.208333,4,0,2,18
B-jev-calibrated,jev,sv,support_interaction_problem,0.35,0.85,0.666667,0.666667,0.666667,0.810606,0.977273,0.916667,0.072288,0.12,2,1,1,21
B-jev-calibrated,jev,sv,unresolved_issue,0.4,0.84,1,0.8,0.888889,0.9,1,1,0.040052,0.12,4,0,1,20
B-jev-calibrated,jev,sv,recurring_problem,0.4,0.925,1,0.8,0.888889,0.9,0.99,0.966667,0.05154,0.12,4,0,1,20
B-jev-calibrated,jev,sv,positive_support_experience,0.4,0.57,1,0.5,0.666667,0.75,1,1,0.04052,0.04,2,0,2,21
B-jev-calibrated,jev,sv,negative_support_experience,0.4,0.865,1,0.6,0.75,0.8,0.985,0.966667,0.147128,0.36,3,0,2,20
B-jev-calibrated,jev,sv,competitor_consideration,0.4,0.52,1,1,1,1,1,1,0.007144,0,3,0,0,22
B-jev-calibrated,jev,sv,churn_risk,0.3,0.49,0.8,1,0.888889,0.975,1,1,0.055367,0.166667,4,1,0,19
B-jev-calibrated,jev,sv,explicit_cancellation_intent,0.45,0.63,0.5,1,0.666667,0.979167,1,1,0.02016,0,1,1,0,23
B-kev-calibrated,kev,en,billing_problem,0.35,0.3818,0.875,1,0.933333,0.96875,0.991071,0.982143,0.043327,0,7,1,0,15
B-kev-calibrated,kev,en,technical_problem,0.35,0.5715,1,1,1,1,1,1,0.047826,0.130435,7,0,0,16
B-kev-calibrated,kev,en,contract_problem,0.35,0.7287,0.625,0.833333,0.714286,0.833333,0.944444,0.896465,0.129252,0.125,5,3,1,15
B-kev-calibrated,kev,en,support_interaction_problem,0.35,0.7602,1,0.666667,0.8,0.833333,0.954545,0.833333,0.101874,0.2,2,0,1,22
B-kev-calibrated,kev,en,unresolved_issue,0.4,0.6646,0.833333,1,0.909091,0.975,1,1,0.093877,0.16,5,1,0,19
B-kev-calibrated,kev,en,recurring_problem,0.4,0.88245,1,1,1,1,1,1,0.014116,0,5,0,0,20
B-kev-calibrated,kev,en,positive_support_experience,0.4,0.6783,1,0.75,0.857143,0.875,0.97619,0.916667,0.035472,0,3,0,1,21
B-kev-calibrated,kev,en,negative_support_experience,0.4,0.8195,0.833333,1,0.909091,0.975,1,1,0.219497,0.32,5,1,0,19
B-kev-calibrated,kev,en,competitor_consideration,0.4,0.604,0.75,1,0.857143,0.977273,1,1,0.034537,0,3,1,0,21
B-kev-calibrated,kev,en,churn_risk,0.3,0.77245,0.5,0.75,0.6,0.8,0.9625,0.892857,0.253415,0.541667,3,3,1,17
B-kev-calibrated,kev,en,explicit_cancellation_intent,0.45,0.7694,1,1,1,1,1,1,0.035361,0.04,1,0,0,24
B-kev-calibrated,kev,sv,billing_problem,0.35,0.3818,0.875,1,0.933333,0.96875,0.982143,0.961735,0.042468,0,7,1,0,15
B-kev-calibrated,kev,sv,technical_problem,0.35,0.5715,1,0.714286,0.833333,0.857143,0.973214,0.947846,0.070984,0.130435,5,0,2,16
B-kev-calibrated,kev,sv,contract_problem,0.35,0.7287,1,0.833333,0.909091,0.916667,0.944444,0.916667,0.095304,0.125,5,0,1,18
B-kev-calibrated,kev,sv,support_interaction_problem,0.35,0.7602,0.666667,0.666667,0.666667,0.810606,0.984848,0.916667,0.080075,0.16,2,1,1,21
B-kev-calibrated,kev,sv,unresolved_issue,0.4,0.6646,0.8,0.8,0.8,0.875,0.96,0.81,0.078849,0.08,4,1,1,19
B-kev-calibrated,kev,sv,recurring_problem,0.4,0.7099,1,0.8,0.888889,0.9,1,1,0.060971,0.12,4,0,1,20
B-kev-calibrated,kev,sv,positive_support_experience,0.4,0.6783,1,0.75,0.857143,0.875,0.988095,0.95,0.037532,0.08,3,0,1,21
B-kev-calibrated,kev,sv,negative_support_experience,0.4,0.8195,0.8,0.8,0.8,0.875,0.97,0.925,0.147877,0.28,4,1,1,19
B-kev-calibrated,kev,sv,competitor_consideration,0.4,0.604,0.75,1,0.857143,0.977273,0.984848,0.916667,0.035479,0,3,1,0,21
B-kev-calibrated,kev,sv,churn_risk,0.3,0.77245,0.8,1,0.888889,0.975,0.9625,0.804167,0.19273,0.5,4,1,0,19
B-kev-calibrated,kev,sv,explicit_cancellation_intent,0.45,0.7694,1,1,1,1,1,1,0.048022,0.04,1,0,0,24
C-kev-optimized,kev,en,billing_problem,0.35,0.3818,0.875,1,0.933333,0.96875,0.991071,0.982143,0.043327,0,7,1,0,15
C-kev-optimized,kev,en,technical_problem,0.35,0.5715,1,1,1,1,1,1,0.047826,0.130435,7,0,0,16
C-kev-optimized,kev,en,contract_problem,0.35,0.7287,0.625,0.833333,0.714286,0.833333,0.944444,0.896465,0.129252,0.125,5,3,1,15
C-kev-optimized,kev,en,support_interaction_problem,0.35,0.7602,1,0.666667,0.8,0.833333,0.954545,0.833333,0.101874,0.2,2,0,1,22
C-kev-optimized,kev,en,unresolved_issue,0.4,0.6646,0.833333,1,0.909091,0.975,1,1,0.093877,0.16,5,1,0,19
C-kev-optimized,kev,en,recurring_problem,0.4,0.88245,1,1,1,1,1,1,0.014116,0,5,0,0,20
C-kev-optimized,kev,en,positive_support_experience,0.4,0.6783,1,0.75,0.857143,0.875,0.97619,0.916667,0.035472,0,3,0,1,21
C-kev-optimized,kev,en,negative_support_experience,0.4,0.8195,0.833333,1,0.909091,0.975,1,1,0.219497,0.32,5,1,0,19
C-kev-optimized,kev,en,competitor_consideration,0.4,0.604,0.75,1,0.857143,0.977273,1,1,0.034537,0,3,1,0,21
C-kev-optimized,kev,en,churn_risk,0.3,0.77245,0.5,0.75,0.6,0.8,0.9625,0.892857,0.253415,0.541667,3,3,1,17
C-kev-optimized,kev,en,explicit_cancellation_intent,0.45,0.7694,1,1,1,1,1,1,0.035361,0.04,1,0,0,24
C-kev-optimized,kev,sv,billing_problem,0.35,0.3818,0.875,1,0.933333,0.96875,0.982143,0.961735,0.042468,0,7,1,0,15
C-kev-optimized,kev,sv,technical_problem,0.35,0.5715,1,0.714286,0.833333,0.857143,0.973214,0.947846,0.070984,0.130435,5,0,2,16
C-kev-optimized,kev,sv,contract_problem,0.35,0.7287,1,0.833333,0.909091,0.916667,0.944444,0.916667,0.095304,0.125,5,0,1,18
C-kev-optimized,kev,sv,support_interaction_problem,0.35,0.7602,0.666667,0.666667,0.666667,0.810606,0.984848,0.916667,0.080075,0.16,2,1,1,21
C-kev-optimized,kev,sv,unresolved_issue,0.4,0.6646,0.8,0.8,0.8,0.875,0.96,0.81,0.078849,0.08,4,1,1,19
C-kev-optimized,kev,sv,recurring_problem,0.4,0.7099,1,0.8,0.888889,0.9,1,1,0.060971,0.12,4,0,1,20
C-kev-optimized,kev,sv,positive_support_experience,0.4,0.6783,1,0.75,0.857143,0.875,0.988095,0.95,0.037532,0.08,3,0,1,21
C-kev-optimized,kev,sv,negative_support_experience,0.4,0.8195,0.8,0.8,0.8,0.875,0.97,0.925,0.147877,0.28,4,1,1,19
C-kev-optimized,kev,sv,competitor_consideration,0.4,0.604,0.75,1,0.857143,0.977273,0.984848,0.916667,0.035479,0,3,1,0,21
C-kev-optimized,kev,sv,churn_risk,0.3,0.77245,0.8,1,0.888889,0.975,0.9625,0.804167,0.19273,0.5,4,1,0,19
C-kev-optimized,kev,sv,explicit_cancellation_intent,0.45,0.7694,1,1,1,1,1,1,0.048022,0.04,1,0,0,24
