provider,language,scope,gate_id,threshold,prevalence,precision,recall,f1,balanced_accuracy,specificity,fpr,fnr,roc_auc,pr_auc,brier,review_rate,tp,fp,fn,tn
jev,en,full_historical,billing_problem,0.75,0.276596,0.952381,0.769231,0.851064,0.877262,0.985294,0.014706,0.230769,0.989253,0.971934,0.052598,0.053191,20,1,6,67
jev,en,full_historical,technical_problem,0.75,0.315789,1,0.833333,0.909091,0.916667,1,0,0.166667,0.998205,0.995766,0.026322,0.073684,25,0,5,65
jev,en,full_historical,contract_problem,0.75,0.247423,0.947368,0.75,0.837209,0.868151,0.986301,0.013699,0.25,0.947774,0.884193,0.076254,0.103093,18,1,6,72
jev,en,full_historical,support_interaction_problem,0.75,0.12,0.833333,0.833333,0.833333,0.905303,0.977273,0.022727,0.166667,0.991951,0.953268,0.051764,0.1,10,2,2,86
jev,en,full_historical,unresolved_issue,0.8,0.222222,0.909091,0.909091,0.909091,0.941558,0.974026,0.025974,0.090909,0.990555,0.978371,0.045601,0.060606,20,2,2,75
jev,en,full_historical,recurring_problem,0.8,0.171717,0.727273,0.941176,0.820513,0.934003,0.926829,0.073171,0.058824,0.982783,0.916184,0.081863,0.070707,16,6,1,76
jev,en,full_historical,positive_support_experience,0.8,0.16,1,0.5,0.666667,0.75,1,0,0.5,0.998512,0.993056,0.019463,0.06,8,0,8,84
jev,en,full_historical,negative_support_experience,0.8,0.239583,0.766667,1,0.867925,0.952055,0.90411,0.09589,0,0.987195,0.96299,0.150358,0.197917,23,7,0,66
jev,en,full_historical,competitor_consideration,0.8,0.121212,1,0.666667,0.8,0.833333,1,0,0.333333,0.999042,0.99359,0.012915,0.040404,8,0,4,87
jev,en,full_historical,churn_risk,0.7,0.195652,0.941176,0.888889,0.914286,0.937688,0.986486,0.013514,0.111111,0.955706,0.934617,0.063243,0.184783,16,1,2,73
jev,en,full_historical,explicit_cancellation_intent,0.85,0.060606,0.833333,0.833333,0.833333,0.91129,0.989247,0.010753,0.166667,0.991935,0.897222,0.017244,0.020202,5,1,1,92
jev,en,development,billing_problem,0.75,0.267606,0.928571,0.684211,0.787879,0.83249,0.980769,0.019231,0.315789,0.987854,0.965565,0.062283,0.056338,13,1,6,51
jev,en,development,technical_problem,0.75,0.319444,1,0.782609,0.878049,0.891304,1,0,0.217391,0.998225,0.996298,0.029003,0.083333,18,0,5,49
jev,en,development,contract_problem,0.75,0.246575,0.928571,0.722222,0.8125,0.85202,0.981818,0.018182,0.277778,0.937879,0.863017,0.077777,0.082192,13,1,5,54
jev,en,development,support_interaction_problem,0.75,0.12,0.888889,0.888889,0.888889,0.936869,0.984848,0.015152,0.111111,0.997475,0.979798,0.043479,0.093333,8,1,1,65
jev,en,development,unresolved_issue,0.8,0.22973,0.882353,0.882353,0.882353,0.923633,0.964912,0.035088,0.117647,0.987616,0.971678,0.049224,0.067568,15,2,2,55
jev,en,development,recurring_problem,0.8,0.162162,0.647059,0.916667,0.758621,0.909946,0.903226,0.096774,0.083333,0.977823,0.902118,0.098245,0.081081,11,6,1,56
jev,en,development,positive_support_experience,0.8,0.16,1,0.5,0.666667,0.75,1,0,0.5,1,1,0.011513,0.08,6,0,6,63
jev,en,development,negative_support_experience,0.8,0.253521,0.782609,1,0.878049,0.95283,0.90566,0.09434,0,0.987421,0.969318,0.145496,0.197183,18,5,0,48
jev,en,development,competitor_consideration,0.8,0.121622,1,0.555556,0.714286,0.777778,1,0,0.444444,1,1,0.014084,0.040541,5,0,4,65
jev,en,development,churn_risk,0.7,0.205882,1,0.928571,0.962963,0.964286,1,0,0.071429,0.949074,0.948179,0.054322,0.161765,13,0,1,54
jev,en,development,explicit_cancellation_intent,0.85,0.067568,0.8,0.8,0.8,0.892754,0.985507,0.014493,0.2,0.991304,0.876667,0.015788,0.013514,4,1,1,68
jev,sv,full_historical,billing_problem,0.75,0.276596,0.952381,0.769231,0.851064,0.877262,0.985294,0.014706,0.230769,0.985011,0.962846,0.049605,0.053191,20,1,6,67
jev,sv,full_historical,technical_problem,0.75,0.315789,1,0.8,0.888889,0.9,1,0,0.2,0.997949,0.995859,0.030102,0.115789,24,0,6,65
jev,sv,full_historical,contract_problem,0.75,0.247423,0.95,0.791667,0.863636,0.888984,0.986301,0.013699,0.208333,0.95605,0.909903,0.070578,0.103093,19,1,5,72
jev,sv,full_historical,support_interaction_problem,0.75,0.12,0.8,1,0.888889,0.982955,0.965909,0.034091,0,0.996212,0.981151,0.04966,0.08,12,3,0,85
jev,sv,full_historical,unresolved_issue,0.8,0.222222,1,0.863636,0.926829,0.931818,1,0,0.136364,0.989965,0.977342,0.049104,0.111111,19,0,3,77
jev,sv,full_historical,recurring_problem,0.8,0.171717,0.666667,0.941176,0.780488,0.921808,0.902439,0.097561,0.058824,0.975968,0.90516,0.099229,0.090909,16,8,1,74
jev,sv,full_historical,positive_support_experience,0.8,0.16,1,0.375,0.545455,0.6875,1,0,0.625,0.997024,0.985703,0.031497,0.07,6,0,10,84
jev,sv,full_historical,negative_support_experience,0.8,0.239583,0.8,0.869565,0.833333,0.900536,0.931507,0.068493,0.130435,0.975283,0.936012,0.135713,0.229167,20,5,3,68
jev,sv,full_historical,competitor_consideration,0.8,0.121212,1,0.583333,0.736842,0.791667,1,0,0.416667,0.996169,0.973575,0.027583,0.020202,7,0,5,87
jev,sv,full_historical,churn_risk,0.7,0.195652,1,0.888889,0.941176,0.944444,1,0,0.111111,0.992492,0.975296,0.057092,0.163043,16,0,2,74
jev,sv,full_historical,explicit_cancellation_intent,0.85,0.060606,0.833333,0.833333,0.833333,0.91129,0.989247,0.010753,0.166667,0.991935,0.873413,0.01592,0.020202,5,1,1,92
jev,sv,development,billing_problem,0.75,0.267606,0.928571,0.684211,0.787879,0.83249,0.980769,0.019231,0.315789,0.979251,0.945939,0.059717,0.056338,13,1,6,51
jev,sv,development,technical_problem,0.75,0.319444,1,0.782609,0.878049,0.891304,1,0,0.217391,0.997338,0.994983,0.034511,0.138889,18,0,5,49
jev,sv,development,contract_problem,0.75,0.246575,0.9375,0.833333,0.882353,0.907576,0.981818,0.018182,0.166667,0.94596,0.888838,0.074047,0.068493,15,1,3,54
jev,sv,development,support_interaction_problem,0.75,0.12,0.9,1,0.947368,0.992424,0.984848,0.015152,0,0.999158,1,0.042117,0.093333,9,1,0,65
jev,sv,development,unresolved_issue,0.8,0.22973,1,0.882353,0.9375,0.941176,1,0,0.117647,0.987616,0.973431,0.052162,0.108108,15,0,2,57
jev,sv,development,recurring_problem,0.8,0.162162,0.611111,0.916667,0.733333,0.901882,0.887097,0.112903,0.083333,0.973118,0.906094,0.115341,0.108108,11,7,1,55
jev,sv,development,positive_support_experience,0.8,0.16,1,0.333333,0.5,0.666667,1,0,0.666667,0.997354,0.988095,0.028489,0.08,4,0,8,63
jev,sv,development,negative_support_experience,0.8,0.253521,0.789474,0.833333,0.810811,0.878931,0.924528,0.075472,0.166667,0.971698,0.932983,0.131693,0.225352,15,4,3,49
jev,sv,development,competitor_consideration,0.8,0.121622,1,0.444444,0.615385,0.722222,1,0,0.555556,0.998291,0.988889,0.034488,0.027027,4,0,5,65
jev,sv,development,churn_risk,0.7,0.205882,1,0.857143,0.923077,0.928571,1,0,0.142857,0.989418,0.96732,0.057701,0.147059,12,0,2,54
jev,sv,development,explicit_cancellation_intent,0.85,0.067568,0.8,0.8,0.8,0.892754,0.985507,0.014493,0.2,0.988406,0.81,0.014488,0.013514,4,1,1,68
kev,en,full_historical,billing_problem,0.75,0.276596,0.923077,0.923077,0.923077,0.946833,0.970588,0.029412,0.076923,0.988688,0.972134,0.045019,0.06383,24,2,2,66
kev,en,full_historical,technical_problem,0.75,0.315789,0.896552,0.866667,0.881356,0.910256,0.953846,0.046154,0.133333,0.988718,0.977737,0.064611,0.136842,26,3,4,62
kev,en,full_historical,contract_problem,0.75,0.247423,0.761905,0.666667,0.711111,0.799087,0.931507,0.068493,0.333333,0.922945,0.806506,0.123601,0.185567,16,5,8,68
kev,en,full_historical,support_interaction_problem,0.75,0.12,0.833333,0.833333,0.833333,0.905303,0.977273,0.022727,0.166667,0.989583,0.946181,0.078822,0.19,10,2,2,86
kev,en,full_historical,unresolved_issue,0.8,0.222222,0.947368,0.818182,0.878049,0.902597,0.987013,0.012987,0.181818,0.963991,0.944969,0.089534,0.161616,18,1,4,76
kev,en,full_historical,recurring_problem,0.8,0.171717,0.73913,1,0.85,0.963415,0.926829,0.073171,0,0.987088,0.943732,0.077284,0.040404,17,6,0,76
kev,en,full_historical,positive_support_experience,0.8,0.16,1,0.5,0.666667,0.75,1,0,0.5,0.994048,0.973599,0.028804,0.06,8,0,8,84
kev,en,full_historical,negative_support_experience,0.8,0.239583,0.703704,0.826087,0.76,0.858249,0.890411,0.109589,0.173913,0.942823,0.810943,0.21273,0.364583,19,8,4,65
kev,en,full_historical,competitor_consideration,0.8,0.121212,0.916667,0.916667,0.916667,0.952586,0.988506,0.011494,0.083333,0.996169,0.970736,0.016267,0.020202,11,1,1,86
kev,en,full_historical,churn_risk,0.7,0.195652,0.586207,0.944444,0.723404,0.891141,0.837838,0.162162,0.055556,0.970721,0.92169,0.230437,0.521739,17,12,1,62
kev,en,full_historical,explicit_cancellation_intent,0.85,0.060606,1,0.166667,0.285714,0.583333,1,0,0.833333,0.994624,0.915079,0.035674,0.070707,1,0,5,93
kev,en,development,billing_problem,0.75,0.267606,0.944444,0.894737,0.918919,0.937753,0.980769,0.019231,0.105263,0.987854,0.971573,0.045567,0.084507,17,1,2,51
kev,en,development,technical_problem,0.75,0.319444,0.863636,0.826087,0.844444,0.882431,0.938776,0.061224,0.173913,0.984028,0.970113,0.069973,0.138889,19,3,4,46
kev,en,development,contract_problem,0.75,0.246575,0.733333,0.611111,0.666667,0.769192,0.927273,0.072727,0.388889,0.916162,0.77671,0.121743,0.178082,11,4,7,51
kev,en,development,support_interaction_problem,0.75,0.12,0.888889,0.888889,0.888889,0.936869,0.984848,0.015152,0.111111,0.996633,0.979798,0.071138,0.2,8,1,1,65
kev,en,development,unresolved_issue,0.8,0.22973,0.928571,0.764706,0.83871,0.873581,0.982456,0.017544,0.235294,0.956656,0.934979,0.088067,0.148649,13,1,4,56
kev,en,development,recurring_problem,0.8,0.162162,0.666667,1,0.8,0.951613,0.903226,0.096774,0,0.983871,0.933135,0.098625,0.054054,12,6,0,56
kev,en,development,positive_support_experience,0.8,0.16,1,0.416667,0.588235,0.708333,1,0,0.583333,0.997354,0.986645,0.026581,0.08,5,0,7,63
kev,en,development,negative_support_experience,0.8,0.253521,0.7,0.777778,0.736842,0.832285,0.886792,0.113208,0.222222,0.927673,0.757403,0.210348,0.394366,14,6,4,47
kev,en,development,competitor_consideration,0.8,0.121622,1,0.888889,0.941176,0.944444,1,0,0.111111,1,1,0.010095,0.027027,8,0,1,65
kev,en,development,churn_risk,0.7,0.205882,0.619048,0.928571,0.742857,0.890212,0.851852,0.148148,0.071429,0.974868,0.943326,0.222328,0.544118,13,8,1,46
kev,en,development,explicit_cancellation_intent,0.85,0.067568,1,0.2,0.333333,0.6,1,0,0.8,0.991304,0.876667,0.03578,0.067568,1,0,4,69
kev,sv,full_historical,billing_problem,0.75,0.276596,0.84,0.807692,0.823529,0.874434,0.941176,0.058824,0.192308,0.980769,0.949733,0.05355,0.053191,21,4,5,64
kev,sv,full_historical,technical_problem,0.75,0.315789,0.851852,0.766667,0.807018,0.852564,0.938462,0.061538,0.233333,0.966154,0.934201,0.078646,0.136842,23,4,7,61
kev,sv,full_historical,contract_problem,0.75,0.247423,0.95,0.791667,0.863636,0.888984,0.986301,0.013699,0.208333,0.936644,0.8948,0.091931,0.134021,19,1,5,72
kev,sv,full_historical,support_interaction_problem,0.75,0.12,0.846154,0.916667,0.88,0.94697,0.977273,0.022727,0.083333,0.994318,0.968546,0.071319,0.15,11,2,1,86
kev,sv,full_historical,unresolved_issue,0.8,0.222222,0.894737,0.772727,0.829268,0.873377,0.974026,0.025974,0.227273,0.963991,0.918144,0.075,0.090909,17,2,5,75
kev,sv,full_historical,recurring_problem,0.8,0.171717,0.684211,0.764706,0.722222,0.845768,0.926829,0.073171,0.235294,0.963415,0.840844,0.101654,0.121212,13,6,4,76
kev,sv,full_historical,positive_support_experience,0.8,0.16,0.857143,0.375,0.521739,0.681548,0.988095,0.011905,0.625,0.987351,0.924885,0.032862,0.1,6,1,10,83
kev,sv,full_historical,negative_support_experience,0.8,0.239583,0.730769,0.826087,0.77551,0.865098,0.90411,0.09589,0.173913,0.932698,0.812034,0.156805,0.25,19,7,4,66
kev,sv,full_historical,competitor_consideration,0.8,0.121212,0.916667,0.916667,0.916667,0.952586,0.988506,0.011494,0.083333,0.993295,0.945566,0.024416,0.040404,11,1,1,86
kev,sv,full_historical,churn_risk,0.7,0.195652,0.692308,1,0.818182,0.945946,0.891892,0.108108,0,0.978979,0.913476,0.174492,0.445652,18,8,0,66
kev,sv,full_historical,explicit_cancellation_intent,0.85,0.060606,0.666667,0.333333,0.444444,0.66129,0.989247,0.010753,0.666667,0.987455,0.786111,0.042479,0.070707,2,1,4,92
kev,sv,development,billing_problem,0.75,0.267606,0.823529,0.736842,0.777778,0.839575,0.942308,0.057692,0.263158,0.977733,0.941042,0.05714,0.070423,14,3,5,49
kev,sv,development,technical_problem,0.75,0.319444,0.818182,0.782609,0.8,0.850488,0.918367,0.081633,0.217391,0.967169,0.938975,0.081093,0.138889,18,4,5,45
kev,sv,development,contract_problem,0.75,0.246575,0.933333,0.777778,0.848485,0.879798,0.981818,0.018182,0.222222,0.936364,0.893736,0.090822,0.136986,14,1,4,54
kev,sv,development,support_interaction_problem,0.75,0.12,0.9,1,0.947368,0.992424,0.984848,0.015152,0,0.998316,0.988889,0.068401,0.146667,9,1,0,65
kev,sv,development,unresolved_issue,0.8,0.22973,0.933333,0.823529,0.875,0.902993,0.982456,0.017544,0.176471,0.96388,0.946245,0.0737,0.081081,14,1,3,56
kev,sv,development,recurring_problem,0.8,0.162162,0.625,0.833333,0.714286,0.86828,0.903226,0.096774,0.166667,0.950269,0.785747,0.115398,0.108108,10,6,2,56
kev,sv,development,positive_support_experience,0.8,0.16,0.8,0.333333,0.470588,0.65873,0.984127,0.015873,0.666667,0.986772,0.913896,0.031305,0.093333,4,1,8,62
kev,sv,development,negative_support_experience,0.8,0.253521,0.714286,0.833333,0.769231,0.860063,0.886792,0.113208,0.166667,0.921384,0.79752,0.159948,0.239437,15,6,3,47
kev,sv,development,competitor_consideration,0.8,0.121622,1,0.888889,0.941176,0.944444,1,0,0.111111,0.998291,0.988889,0.020678,0.054054,8,0,1,65
kev,sv,development,churn_risk,0.7,0.205882,0.7,1,0.823529,0.944444,0.888889,0.111111,0,0.978836,0.920784,0.168055,0.441176,14,6,0,48
kev,sv,development,explicit_cancellation_intent,0.85,0.067568,0.666667,0.4,0.5,0.692754,0.985507,0.014493,0.6,0.985507,0.78619,0.040606,0.067568,2,1,3,68
