gate_id,paired_development_cases,probability_correlation,mean_absolute_probability_delta,mean_en,mean_sv,median_en,median_sv,current_f1_en,current_f1_sv,f1_threshold_en,f1_threshold_sv,threshold_delta
billing_problem,71,0.967409,0.056559,0.321199,0.312856,0.0938,0.0782,0.918919,0.777778,0.75,0.528,0.222
technical_problem,72,0.95042,0.077132,0.419665,0.392,0.2161,0.2164,0.844444,0.8,0.80495,0.5715,0.23345
contract_problem,73,0.905689,0.093249,0.362718,0.348384,0.222,0.2197,0.666667,0.848485,0.7287,0.75,0.0213
support_interaction_problem,75,0.9333,0.079056,0.308747,0.292645,0.2145,0.2153,0.888889,0.947368,0.82785,0.75,0.07785
unresolved_issue,74,0.914874,0.094365,0.388199,0.350704,0.26145,0.21575,0.83871,0.875,0.6646,0.81245,0.14785
recurring_problem,74,0.974908,0.10425,0.32527,0.376301,0.096,0.22645,0.8,0.714286,0.88245,0.7099,0.17255
positive_support_experience,75,0.938052,0.034567,0.157221,0.163868,0.0238,0.0293,0.588235,0.470588,0.6924,0.6783,0.0141
negative_support_experience,71,0.91039,0.10209,0.545366,0.479958,0.5959,0.4275,0.736842,0.769231,0.8303,0.80765,0.02265
competitor_consideration,74,0.946333,0.040349,0.157151,0.158149,0.037,0.02215,0.941176,0.941176,0.7136,0.604,0.1096
churn_risk,68,0.831658,0.120253,0.57344,0.504581,0.5872,0.4293,0.742857,0.823529,0.808,0.77245,0.03555
explicit_cancellation_intent,74,0.890534,0.066969,0.177057,0.175599,0.1036,0.10325,0.333333,0.5,0.4882,0.5693,0.0811
