gate_id,f1_threshold_en,f1_threshold_sv,f1_threshold_common,optimal_f1_en,optimal_f1_sv,common_f1_en,common_f1_sv,f1_loss_en,f1_loss_sv,max_f1_loss,insufficient_holdout_evidence,use_shared_threshold,selected_candidate,selected_threshold_en,selected_threshold_sv
billing_problem,0.75,0.528,0.3818,0.918919,0.878049,0.883721,0.878049,0.035198,0,0.035198,false,true,f1,0.3818,0.3818
technical_problem,0.80495,0.5715,0.5715,0.904762,0.851064,0.897959,0.851064,0.006803,0,0.006803,false,true,f1,0.5715,0.5715
contract_problem,0.7287,0.75,0.7287,0.742857,0.848485,0.742857,0.848485,0,0,0,false,true,f1,0.7287,0.7287
support_interaction_problem,0.82785,0.75,0.7602,0.941176,0.947368,0.941176,0.947368,0,0,0,true,true,f1,0.7602,0.7602
unresolved_issue,0.6646,0.81245,0.6646,0.909091,0.903226,0.909091,0.888889,0,0.014337,0.014337,false,true,f1,0.6646,0.6646
recurring_problem,0.88245,0.7099,0.7099,0.857143,0.774194,0.75,0.774194,0.107143,0,0.107143,false,false,f1,0.88245,0.7099
positive_support_experience,0.6924,0.6783,0.6783,0.909091,0.869565,0.909091,0.869565,0,0,0,true,true,f1,0.6783,0.6783
negative_support_experience,0.8303,0.80765,0.8195,0.8,0.810811,0.777778,0.777778,0.022222,0.033033,0.033033,false,true,f1,0.8195,0.8195
competitor_consideration,0.7136,0.604,0.604,1,0.947368,1,0.947368,0,0,0,true,true,f1,0.604,0.604
churn_risk,0.808,0.77245,0.77245,0.896552,0.903226,0.866667,0.903226,0.029885,0,0.029885,true,true,recall,0.77245,0.77245
explicit_cancellation_intent,0.4882,0.5693,0.4882,0.909091,0.833333,0.909091,0.769231,0,0.064103,0.064103,true,true,precision,0.7694,0.7694
