provider,language,scope,gate_id,bin_lower,bin_upper,count,mean_probability,observed_positive_rate
jev,en,development,billing_problem,0,0.1,46,0.033043,0
jev,en,development,billing_problem,0.1,0.2,6,0.141667,0.333333
jev,en,development,billing_problem,0.2,0.3,1,0.22,1
jev,en,development,billing_problem,0.3,0.4,2,0.37,1
jev,en,development,billing_problem,0.4,0.5,1,0.49,1
jev,en,development,billing_problem,0.7,0.8,1,0.72,0
jev,en,development,billing_problem,0.8,0.9,1,0.83,0
jev,en,development,billing_problem,0.9,1,13,0.970769,1
jev,en,development,technical_problem,0,0.1,38,0.025526,0
jev,en,development,technical_problem,0.1,0.2,4,0.1375,0
jev,en,development,technical_problem,0.2,0.3,6,0.24,0
jev,en,development,technical_problem,0.3,0.4,1,0.37,1
jev,en,development,technical_problem,0.4,0.5,1,0.46,1
jev,en,development,technical_problem,0.5,0.6,4,0.5575,0.75
jev,en,development,technical_problem,0.8,0.9,3,0.823333,1
jev,en,development,technical_problem,0.9,1,15,0.971333,1
jev,en,development,contract_problem,0,0.1,40,0.038,0.025
jev,en,development,contract_problem,0.1,0.2,6,0.12,0.166667
jev,en,development,contract_problem,0.2,0.3,6,0.268333,0.166667
jev,en,development,contract_problem,0.3,0.4,1,0.33,0
jev,en,development,contract_problem,0.4,0.5,2,0.44,0.5
jev,en,development,contract_problem,0.5,0.6,3,0.546667,0.333333
jev,en,development,contract_problem,0.7,0.8,1,0.7,0
jev,en,development,contract_problem,0.8,0.9,2,0.86,1
jev,en,development,contract_problem,0.9,1,12,0.960833,0.916667
jev,en,development,support_interaction_problem,0,0.1,45,0.032222,0
jev,en,development,support_interaction_problem,0.1,0.2,10,0.132,0
jev,en,development,support_interaction_problem,0.2,0.3,2,0.24,0
jev,en,development,support_interaction_problem,0.3,0.4,3,0.343333,0
jev,en,development,support_interaction_problem,0.4,0.5,1,0.48,0
jev,en,development,support_interaction_problem,0.5,0.6,1,0.56,0
jev,en,development,support_interaction_problem,0.6,0.7,4,0.655,0.25
jev,en,development,support_interaction_problem,0.8,0.9,1,0.8,0
jev,en,development,support_interaction_problem,0.9,1,8,0.95875,1
jev,en,development,unresolved_issue,0,0.1,36,0.0375,0
jev,en,development,unresolved_issue,0.1,0.2,10,0.137,0
jev,en,development,unresolved_issue,0.2,0.3,4,0.2325,0.25
jev,en,development,unresolved_issue,0.3,0.4,2,0.31,0
jev,en,development,unresolved_issue,0.4,0.5,3,0.456667,0
jev,en,development,unresolved_issue,0.5,0.6,1,0.58,0
jev,en,development,unresolved_issue,0.6,0.7,1,0.69,1
jev,en,development,unresolved_issue,0.8,0.9,3,0.826667,0.333333
jev,en,development,unresolved_issue,0.9,1,14,0.969286,1
jev,en,development,recurring_problem,0,0.1,45,0.036889,0
jev,en,development,recurring_problem,0.1,0.2,2,0.115,0
jev,en,development,recurring_problem,0.2,0.3,2,0.235,0
jev,en,development,recurring_problem,0.3,0.4,2,0.32,0
jev,en,development,recurring_problem,0.4,0.5,1,0.44,0
jev,en,development,recurring_problem,0.5,0.6,2,0.515,0
jev,en,development,recurring_problem,0.7,0.8,3,0.743333,0.333333
jev,en,development,recurring_problem,0.8,0.9,3,0.846667,0
jev,en,development,recurring_problem,0.9,1,14,0.970714,0.785714
jev,en,development,positive_support_experience,0,0.1,60,0.015833,0
jev,en,development,positive_support_experience,0.1,0.2,2,0.13,0
jev,en,development,positive_support_experience,0.2,0.3,1,0.26,0
jev,en,development,positive_support_experience,0.6,0.7,3,0.63,1
jev,en,development,positive_support_experience,0.7,0.8,3,0.723333,1
jev,en,development,positive_support_experience,0.8,0.9,3,0.833333,1
jev,en,development,positive_support_experience,0.9,1,3,0.946667,1
jev,en,development,negative_support_experience,0,0.1,13,0.033077,0
jev,en,development,negative_support_experience,0.1,0.2,11,0.150909,0
jev,en,development,negative_support_experience,0.2,0.3,3,0.24,0
jev,en,development,negative_support_experience,0.3,0.4,7,0.347143,0
jev,en,development,negative_support_experience,0.4,0.5,3,0.443333,0
jev,en,development,negative_support_experience,0.5,0.6,4,0.5525,0
jev,en,development,negative_support_experience,0.6,0.7,3,0.653333,0
jev,en,development,negative_support_experience,0.7,0.8,4,0.7375,0
jev,en,development,negative_support_experience,0.8,0.9,11,0.849091,0.545455
jev,en,development,negative_support_experience,0.9,1,12,0.949167,1
jev,en,development,competitor_consideration,0,0.1,64,0.024844,0
jev,en,development,competitor_consideration,0.1,0.2,1,0.1,0
jev,en,development,competitor_consideration,0.2,0.3,1,0.22,1
jev,en,development,competitor_consideration,0.5,0.6,1,0.52,1
jev,en,development,competitor_consideration,0.7,0.8,2,0.74,1
jev,en,development,competitor_consideration,0.9,1,5,0.958,1
jev,en,development,churn_risk,0,0.1,11,0.062727,0
jev,en,development,churn_risk,0.1,0.2,25,0.136,0.04
jev,en,development,churn_risk,0.2,0.3,8,0.25125,0
jev,en,development,churn_risk,0.3,0.4,8,0.33875,0
jev,en,development,churn_risk,0.4,0.5,2,0.425,0
jev,en,development,churn_risk,0.6,0.7,1,0.66,0
jev,en,development,churn_risk,0.7,0.8,1,0.79,1
jev,en,development,churn_risk,0.8,0.9,4,0.85,1
jev,en,development,churn_risk,0.9,1,8,0.97,1
jev,en,development,explicit_cancellation_intent,0,0.1,67,0.022836,0
jev,en,development,explicit_cancellation_intent,0.1,0.2,1,0.14,0
jev,en,development,explicit_cancellation_intent,0.6,0.7,1,0.63,1
jev,en,development,explicit_cancellation_intent,0.9,1,5,0.966,0.8
jev,sv,development,billing_problem,0,0.1,45,0.032667,0.022222
jev,sv,development,billing_problem,0.1,0.2,7,0.127143,0.142857
jev,sv,development,billing_problem,0.2,0.3,1,0.22,1
jev,sv,development,billing_problem,0.4,0.5,3,0.443333,0.666667
jev,sv,development,billing_problem,0.7,0.8,2,0.74,1
jev,sv,development,billing_problem,0.9,1,13,0.969231,0.923077
jev,sv,development,technical_problem,0,0.1,37,0.025135,0
jev,sv,development,technical_problem,0.1,0.2,3,0.16,0
jev,sv,development,technical_problem,0.2,0.3,4,0.225,0
jev,sv,development,technical_problem,0.3,0.4,2,0.39,0
jev,sv,development,technical_problem,0.4,0.5,1,0.48,1
jev,sv,development,technical_problem,0.5,0.6,1,0.52,0
jev,sv,development,technical_problem,0.6,0.7,2,0.66,0
jev,sv,development,technical_problem,0.7,0.8,5,0.73,1
jev,sv,development,technical_problem,0.8,0.9,3,0.85,1
jev,sv,development,technical_problem,0.9,1,14,0.970714,1
jev,sv,development,contract_problem,0,0.1,36,0.043056,0.027778
jev,sv,development,contract_problem,0.1,0.2,10,0.15,0.1
jev,sv,development,contract_problem,0.2,0.3,6,0.263333,0.166667
jev,sv,development,contract_problem,0.5,0.6,3,0.523333,0
jev,sv,development,contract_problem,0.6,0.7,2,0.665,0
jev,sv,development,contract_problem,0.8,0.9,3,0.843333,1
jev,sv,development,contract_problem,0.9,1,13,0.961538,0.923077
jev,sv,development,support_interaction_problem,0,0.1,47,0.032553,0
jev,sv,development,support_interaction_problem,0.1,0.2,7,0.148571,0
jev,sv,development,support_interaction_problem,0.2,0.3,4,0.2225,0
jev,sv,development,support_interaction_problem,0.4,0.5,4,0.465,0
jev,sv,development,support_interaction_problem,0.5,0.6,1,0.54,0
jev,sv,development,support_interaction_problem,0.6,0.7,2,0.66,0
jev,sv,development,support_interaction_problem,0.8,0.9,2,0.8,0.5
jev,sv,development,support_interaction_problem,0.9,1,8,0.955,1
jev,sv,development,unresolved_issue,0,0.1,37,0.040541,0
jev,sv,development,unresolved_issue,0.1,0.2,9,0.127778,0
jev,sv,development,unresolved_issue,0.2,0.3,3,0.263333,0.333333
jev,sv,development,unresolved_issue,0.3,0.4,2,0.32,0
jev,sv,development,unresolved_issue,0.4,0.5,2,0.43,0
jev,sv,development,unresolved_issue,0.5,0.6,1,0.59,0
jev,sv,development,unresolved_issue,0.6,0.7,3,0.633333,0
jev,sv,development,unresolved_issue,0.7,0.8,2,0.74,0.5
jev,sv,development,unresolved_issue,0.9,1,15,0.962,1
jev,sv,development,recurring_problem,0,0.1,46,0.046957,0
jev,sv,development,recurring_problem,0.1,0.2,1,0.1,0
jev,sv,development,recurring_problem,0.2,0.3,1,0.22,0
jev,sv,development,recurring_problem,0.4,0.5,2,0.47,0
jev,sv,development,recurring_problem,0.5,0.6,3,0.553333,0.333333
jev,sv,development,recurring_problem,0.6,0.7,3,0.623333,0
jev,sv,development,recurring_problem,0.8,0.9,3,0.853333,0
jev,sv,development,recurring_problem,0.9,1,15,0.97,0.733333
jev,sv,development,positive_support_experience,0,0.1,60,0.015167,0
jev,sv,development,positive_support_experience,0.1,0.2,2,0.145,0.5
jev,sv,development,positive_support_experience,0.2,0.3,3,0.23,0.333333
jev,sv,development,positive_support_experience,0.5,0.6,1,0.57,1
jev,sv,development,positive_support_experience,0.6,0.7,4,0.65,1
jev,sv,development,positive_support_experience,0.7,0.8,1,0.76,1
jev,sv,development,positive_support_experience,0.8,0.9,3,0.863333,1
jev,sv,development,positive_support_experience,0.9,1,1,0.98,1
jev,sv,development,negative_support_experience,0,0.1,14,0.032857,0
jev,sv,development,negative_support_experience,0.1,0.2,8,0.13625,0
jev,sv,development,negative_support_experience,0.2,0.3,10,0.244,0
jev,sv,development,negative_support_experience,0.3,0.4,4,0.3325,0
jev,sv,development,negative_support_experience,0.4,0.5,3,0.43,0
jev,sv,development,negative_support_experience,0.5,0.6,4,0.5375,0
jev,sv,development,negative_support_experience,0.6,0.7,4,0.6775,0.25
jev,sv,development,negative_support_experience,0.7,0.8,5,0.772,0.4
jev,sv,development,negative_support_experience,0.8,0.9,8,0.85,0.5
jev,sv,development,negative_support_experience,0.9,1,11,0.939091,1
jev,sv,development,competitor_consideration,0,0.1,66,0.025,0.015152
jev,sv,development,competitor_consideration,0.1,0.2,1,0.1,1
jev,sv,development,competitor_consideration,0.2,0.3,1,0.26,1
jev,sv,development,competitor_consideration,0.5,0.6,1,0.55,1
jev,sv,development,competitor_consideration,0.7,0.8,1,0.78,1
jev,sv,development,competitor_consideration,0.8,0.9,1,0.83,1
jev,sv,development,competitor_consideration,0.9,1,3,0.96,1
jev,sv,development,churn_risk,0,0.1,8,0.06125,0
jev,sv,development,churn_risk,0.1,0.2,27,0.134815,0
jev,sv,development,churn_risk,0.2,0.3,11,0.231818,0
jev,sv,development,churn_risk,0.3,0.4,4,0.355,0
jev,sv,development,churn_risk,0.4,0.5,1,0.49,1
jev,sv,development,churn_risk,0.5,0.6,2,0.555,0.5
jev,sv,development,churn_risk,0.6,0.7,3,0.643333,0
jev,sv,development,churn_risk,0.7,0.8,2,0.75,1
jev,sv,development,churn_risk,0.8,0.9,1,0.8,1
jev,sv,development,churn_risk,0.9,1,9,0.955556,1
jev,sv,development,explicit_cancellation_intent,0,0.1,67,0.027463,0
jev,sv,development,explicit_cancellation_intent,0.1,0.2,1,0.11,0
jev,sv,development,explicit_cancellation_intent,0.8,0.9,2,0.84,1
jev,sv,development,explicit_cancellation_intent,0.9,1,4,0.97,0.75
kev,en,development,billing_problem,0,0.1,39,0.052469,0
kev,en,development,billing_problem,0.1,0.2,6,0.12735,0
kev,en,development,billing_problem,0.2,0.3,2,0.2386,0
kev,en,development,billing_problem,0.3,0.4,1,0.3818,1
kev,en,development,billing_problem,0.4,0.5,1,0.4811,1
kev,en,development,billing_problem,0.5,0.6,3,0.530233,0
kev,en,development,billing_problem,0.7,0.8,3,0.757967,0.666667
kev,en,development,billing_problem,0.8,0.9,4,0.851,0.75
kev,en,development,billing_problem,0.9,1,12,0.948833,1
kev,en,development,technical_problem,0,0.1,21,0.054829,0
kev,en,development,technical_problem,0.1,0.2,13,0.1416,0
kev,en,development,technical_problem,0.2,0.3,5,0.23116,0
kev,en,development,technical_problem,0.3,0.4,1,0.3452,0
kev,en,development,technical_problem,0.4,0.5,2,0.45965,0
kev,en,development,technical_problem,0.5,0.6,4,0.5287,0.25
kev,en,development,technical_problem,0.6,0.7,4,0.67835,0.75
kev,en,development,technical_problem,0.7,0.8,3,0.788733,0
kev,en,development,technical_problem,0.8,0.9,3,0.854367,1
kev,en,development,technical_problem,0.9,1,16,0.940369,1
kev,en,development,contract_problem,0,0.1,22,0.0627,0
kev,en,development,contract_problem,0.1,0.2,13,0.139162,0
kev,en,development,contract_problem,0.2,0.3,6,0.245467,0
kev,en,development,contract_problem,0.3,0.4,8,0.345375,0.5
kev,en,development,contract_problem,0.4,0.5,1,0.4913,0
kev,en,development,contract_problem,0.5,0.6,3,0.5397,0.333333
kev,en,development,contract_problem,0.6,0.7,1,0.6695,0
kev,en,development,contract_problem,0.7,0.8,4,0.72285,0.5
kev,en,development,contract_problem,0.8,0.9,9,0.860567,0.666667
kev,en,development,contract_problem,0.9,1,6,0.939617,0.833333
kev,en,development,support_interaction_problem,0,0.1,17,0.067918,0
kev,en,development,support_interaction_problem,0.1,0.2,19,0.1376,0
kev,en,development,support_interaction_problem,0.2,0.3,12,0.244633,0
kev,en,development,support_interaction_problem,0.3,0.4,10,0.35924,0
kev,en,development,support_interaction_problem,0.4,0.5,3,0.452367,0
kev,en,development,support_interaction_problem,0.5,0.6,2,0.5689,0
kev,en,development,support_interaction_problem,0.6,0.7,1,0.6313,0
kev,en,development,support_interaction_problem,0.7,0.8,3,0.721433,0.333333
kev,en,development,support_interaction_problem,0.9,1,8,0.946063,1
kev,en,development,unresolved_issue,0,0.1,4,0.08195,0
kev,en,development,unresolved_issue,0.1,0.2,15,0.139273,0
kev,en,development,unresolved_issue,0.2,0.3,25,0.239692,0.04
kev,en,development,unresolved_issue,0.3,0.4,5,0.36612,0
kev,en,development,unresolved_issue,0.4,0.5,5,0.45818,0.2
kev,en,development,unresolved_issue,0.5,0.6,2,0.54915,0
kev,en,development,unresolved_issue,0.6,0.7,3,0.6376,0.333333
kev,en,development,unresolved_issue,0.7,0.8,1,0.7707,1
kev,en,development,unresolved_issue,0.8,0.9,8,0.869263,0.875
kev,en,development,unresolved_issue,0.9,1,6,0.910017,1
kev,en,development,recurring_problem,0,0.1,39,0.060421,0
kev,en,development,recurring_problem,0.1,0.2,11,0.150655,0
kev,en,development,recurring_problem,0.3,0.4,2,0.32145,0
kev,en,development,recurring_problem,0.4,0.5,2,0.41705,0
kev,en,development,recurring_problem,0.7,0.8,2,0.75865,0
kev,en,development,recurring_problem,0.8,0.9,3,0.877633,0.333333
kev,en,development,recurring_problem,0.9,1,15,0.961947,0.733333
kev,en,development,positive_support_experience,0,0.1,53,0.020374,0
kev,en,development,positive_support_experience,0.1,0.2,9,0.126044,0
kev,en,development,positive_support_experience,0.2,0.3,1,0.2301,1
kev,en,development,positive_support_experience,0.3,0.4,1,0.3908,1
kev,en,development,positive_support_experience,0.6,0.7,2,0.68185,0.5
kev,en,development,positive_support_experience,0.7,0.8,4,0.750025,1
kev,en,development,positive_support_experience,0.8,0.9,1,0.8614,1
kev,en,development,positive_support_experience,0.9,1,4,0.932825,1
kev,en,development,negative_support_experience,0,0.1,9,0.055911,0
kev,en,development,negative_support_experience,0.1,0.2,6,0.146833,0
kev,en,development,negative_support_experience,0.2,0.3,6,0.256833,0
kev,en,development,negative_support_experience,0.3,0.4,2,0.35655,0
kev,en,development,negative_support_experience,0.4,0.5,5,0.44436,0
kev,en,development,negative_support_experience,0.5,0.6,8,0.553462,0.125
kev,en,development,negative_support_experience,0.6,0.7,6,0.649233,0
kev,en,development,negative_support_experience,0.7,0.8,9,0.762822,0.333333
kev,en,development,negative_support_experience,0.8,0.9,11,0.853727,0.545455
kev,en,development,negative_support_experience,0.9,1,9,0.920156,0.888889
kev,en,development,competitor_consideration,0,0.1,60,0.038775,0
kev,en,development,competitor_consideration,0.1,0.2,1,0.1343,0
kev,en,development,competitor_consideration,0.2,0.3,2,0.23565,0
kev,en,development,competitor_consideration,0.3,0.4,1,0.3442,0
kev,en,development,competitor_consideration,0.4,0.5,1,0.4534,0
kev,en,development,competitor_consideration,0.7,0.8,1,0.7136,1
kev,en,development,competitor_consideration,0.8,0.9,3,0.846,1
kev,en,development,competitor_consideration,0.9,1,5,0.92958,1
kev,en,development,churn_risk,0,0.1,2,0.04915,0
kev,en,development,churn_risk,0.1,0.2,2,0.13885,0
kev,en,development,churn_risk,0.2,0.3,6,0.244583,0
kev,en,development,churn_risk,0.3,0.4,7,0.351486,0
kev,en,development,churn_risk,0.4,0.5,8,0.4391,0
kev,en,development,churn_risk,0.5,0.6,15,0.5575,0.066667
kev,en,development,churn_risk,0.6,0.7,7,0.637043,0
kev,en,development,churn_risk,0.7,0.8,6,0.745833,0
kev,en,development,churn_risk,0.8,0.9,5,0.86548,0.6
kev,en,development,churn_risk,0.9,1,10,0.9553,1
kev,en,development,explicit_cancellation_intent,0,0.1,36,0.063058,0
kev,en,development,explicit_cancellation_intent,0.1,0.2,20,0.148925,0
kev,en,development,explicit_cancellation_intent,0.2,0.3,7,0.240157,0
kev,en,development,explicit_cancellation_intent,0.3,0.4,5,0.33942,0
kev,en,development,explicit_cancellation_intent,0.4,0.5,1,0.4882,1
kev,en,development,explicit_cancellation_intent,0.7,0.8,4,0.779075,0.75
kev,en,development,explicit_cancellation_intent,0.8,0.9,1,0.8709,1
kev,sv,development,billing_problem,0,0.1,38,0.03395,0
kev,sv,development,billing_problem,0.1,0.2,7,0.154,0
kev,sv,development,billing_problem,0.2,0.3,2,0.2624,0
kev,sv,development,billing_problem,0.3,0.4,2,0.31655,0.5
kev,sv,development,billing_problem,0.5,0.6,2,0.54435,1
kev,sv,development,billing_problem,0.6,0.7,2,0.6568,0.5
kev,sv,development,billing_problem,0.7,0.8,3,0.748467,0.333333
kev,sv,development,billing_problem,0.8,0.9,3,0.847767,1
kev,sv,development,billing_problem,0.9,1,12,0.957983,0.916667
kev,sv,development,technical_problem,0,0.1,29,0.044441,0
kev,sv,development,technical_problem,0.1,0.2,6,0.139617,0
kev,sv,development,technical_problem,0.2,0.3,4,0.232725,0
kev,sv,development,technical_problem,0.3,0.4,5,0.36674,0.4
kev,sv,development,technical_problem,0.4,0.5,2,0.47205,0.5
kev,sv,development,technical_problem,0.5,0.6,3,0.542567,0.333333
kev,sv,development,technical_problem,0.6,0.7,1,0.668,1
kev,sv,development,technical_problem,0.7,0.8,2,0.775,0.5
kev,sv,development,technical_problem,0.8,0.9,4,0.846125,0.25
kev,sv,development,technical_problem,0.9,1,16,0.947412,1
kev,sv,development,contract_problem,0,0.1,22,0.057964,0
kev,sv,development,contract_problem,0.1,0.2,13,0.1462,0.076923
kev,sv,development,contract_problem,0.2,0.3,12,0.239925,0.083333
kev,sv,development,contract_problem,0.3,0.4,4,0.35125,0
kev,sv,development,contract_problem,0.4,0.5,2,0.4657,1
kev,sv,development,contract_problem,0.5,0.6,1,0.5773,0
kev,sv,development,contract_problem,0.6,0.7,2,0.68955,0
kev,sv,development,contract_problem,0.7,0.8,3,0.737067,0.333333
kev,sv,development,contract_problem,0.8,0.9,4,0.871125,0.75
kev,sv,development,contract_problem,0.9,1,10,0.93886,1
kev,sv,development,support_interaction_problem,0,0.1,23,0.055148,0
kev,sv,development,support_interaction_problem,0.1,0.2,11,0.130391,0
kev,sv,development,support_interaction_problem,0.2,0.3,16,0.241025,0
kev,sv,development,support_interaction_problem,0.3,0.4,7,0.3525,0
kev,sv,development,support_interaction_problem,0.4,0.5,5,0.45384,0
kev,sv,development,support_interaction_problem,0.6,0.7,3,0.635,0
kev,sv,development,support_interaction_problem,0.7,0.8,2,0.77995,0.5
kev,sv,development,support_interaction_problem,0.8,0.9,3,0.839833,1
kev,sv,development,support_interaction_problem,0.9,1,5,0.93364,1
kev,sv,development,unresolved_issue,0,0.1,18,0.052956,0
kev,sv,development,unresolved_issue,0.1,0.2,15,0.142833,0.066667
kev,sv,development,unresolved_issue,0.2,0.3,14,0.241157,0
kev,sv,development,unresolved_issue,0.3,0.4,6,0.351583,0
kev,sv,development,unresolved_issue,0.4,0.5,1,0.475,0
kev,sv,development,unresolved_issue,0.6,0.7,1,0.6365,0
kev,sv,development,unresolved_issue,0.7,0.8,4,0.7614,0.5
kev,sv,development,unresolved_issue,0.8,0.9,9,0.8645,0.888889
kev,sv,development,unresolved_issue,0.9,1,6,0.905517,1
kev,sv,development,recurring_problem,0,0.1,6,0.08425,0
kev,sv,development,recurring_problem,0.1,0.2,25,0.153848,0
kev,sv,development,recurring_problem,0.2,0.3,15,0.2409,0
kev,sv,development,recurring_problem,0.3,0.4,4,0.343725,0
kev,sv,development,recurring_problem,0.4,0.5,3,0.444767,0
kev,sv,development,recurring_problem,0.5,0.6,2,0.51325,0
kev,sv,development,recurring_problem,0.7,0.8,3,0.733833,0.666667
kev,sv,development,recurring_problem,0.8,0.9,14,0.865179,0.571429
kev,sv,development,recurring_problem,0.9,1,2,0.9157,1
kev,sv,development,positive_support_experience,0,0.1,57,0.027093,0
kev,sv,development,positive_support_experience,0.1,0.2,3,0.1281,0
kev,sv,development,positive_support_experience,0.2,0.3,1,0.2159,0
kev,sv,development,positive_support_experience,0.3,0.4,2,0.36045,1
kev,sv,development,positive_support_experience,0.5,0.6,1,0.5057,0
kev,sv,development,positive_support_experience,0.6,0.7,1,0.6783,1
kev,sv,development,positive_support_experience,0.7,0.8,5,0.75144,1
kev,sv,development,positive_support_experience,0.8,0.9,2,0.839,0.5
kev,sv,development,positive_support_experience,0.9,1,3,0.935167,1
kev,sv,development,negative_support_experience,0,0.1,11,0.039927,0
kev,sv,development,negative_support_experience,0.1,0.2,7,0.1317,0
kev,sv,development,negative_support_experience,0.2,0.3,7,0.252129,0.142857
kev,sv,development,negative_support_experience,0.3,0.4,8,0.36315,0
kev,sv,development,negative_support_experience,0.4,0.5,8,0.443763,0
kev,sv,development,negative_support_experience,0.5,0.6,3,0.530633,0
kev,sv,development,negative_support_experience,0.6,0.7,2,0.64325,0
kev,sv,development,negative_support_experience,0.7,0.8,4,0.75685,0.5
kev,sv,development,negative_support_experience,0.8,0.9,12,0.856,0.666667
kev,sv,development,negative_support_experience,0.9,1,9,0.924211,0.777778
kev,sv,development,competitor_consideration,0,0.1,59,0.025512,0
kev,sv,development,competitor_consideration,0.1,0.2,2,0.14875,0
kev,sv,development,competitor_consideration,0.2,0.3,1,0.2737,0
kev,sv,development,competitor_consideration,0.4,0.5,1,0.428,0
kev,sv,development,competitor_consideration,0.6,0.7,2,0.60255,0.5
kev,sv,development,competitor_consideration,0.7,0.8,1,0.7502,0
kev,sv,development,competitor_consideration,0.8,0.9,3,0.8547,1
kev,sv,development,competitor_consideration,0.9,1,5,0.93584,1
kev,sv,development,churn_risk,0,0.1,4,0.041575,0
kev,sv,development,churn_risk,0.1,0.2,5,0.15412,0
kev,sv,development,churn_risk,0.2,0.3,9,0.2387,0
kev,sv,development,churn_risk,0.3,0.4,15,0.371973,0
kev,sv,development,churn_risk,0.4,0.5,6,0.454233,0
kev,sv,development,churn_risk,0.5,0.6,5,0.55034,0
kev,sv,development,churn_risk,0.6,0.7,4,0.645375,0
kev,sv,development,churn_risk,0.7,0.8,4,0.757375,0.25
kev,sv,development,churn_risk,0.8,0.9,7,0.873243,0.714286
kev,sv,development,churn_risk,0.9,1,9,0.938433,0.888889
kev,sv,development,explicit_cancellation_intent,0,0.1,36,0.050081,0
kev,sv,development,explicit_cancellation_intent,0.1,0.2,23,0.134191,0
kev,sv,development,explicit_cancellation_intent,0.2,0.3,4,0.242075,0
kev,sv,development,explicit_cancellation_intent,0.3,0.4,3,0.331967,0
kev,sv,development,explicit_cancellation_intent,0.5,0.6,2,0.54675,0.5
kev,sv,development,explicit_cancellation_intent,0.7,0.8,1,0.7546,0
kev,sv,development,explicit_cancellation_intent,0.8,0.9,4,0.8428,0.75
kev,sv,development,explicit_cancellation_intent,0.9,1,1,0.9215,1
