case_id,language,gate_id,repetitions,mean_probability,min_probability,max_probability,max_absolute_delta,label_flips,threshold_crossings
ob-01,en,billing_problem,3,0.964,0.964,0.964,0,0,0
ob-01,en,technical_problem,3,0.0613,0.0613,0.0613,0,0,0
ob-01,en,contract_problem,3,0.11820000000000001,0.1182,0.1182,0,0,0
ob-01,en,support_interaction_problem,3,0.0914,0.0914,0.0914,0,0,0
ob-01,en,unresolved_issue,3,0.232,0.232,0.232,0,0,0
ob-01,en,recurring_problem,3,0.1546,0.1546,0.1546,0,0,0
ob-01,en,positive_support_experience,3,0.0081,0.0081,0.0081,0,0,0
ob-01,en,negative_support_experience,3,0.4996,0.4996,0.4996,0,0,0
ob-01,en,competitor_consideration,3,0.0145,0.0145,0.0145,0,0,0
ob-01,en,churn_risk,3,0.2668,0.2668,0.2668,0,0,0
ob-01,en,explicit_cancellation_intent,3,0.0587,0.0587,0.0587,0,0,0
ob-01,sv,billing_problem,3,0.9744,0.9744,0.9744,0,0,0
ob-01,sv,technical_problem,3,0.0922,0.0922,0.0922,0,0,0
ob-01,sv,contract_problem,3,0.04850000000000001,0.0485,0.0485,0,0,0
ob-01,sv,support_interaction_problem,3,0.0846,0.0846,0.0846,0,0,0
ob-01,sv,unresolved_issue,3,0.1306,0.1306,0.1306,0,0,0
ob-01,sv,recurring_problem,3,0.3686,0.3686,0.3686,0,0,0
ob-01,sv,positive_support_experience,3,0.0116,0.0116,0.0116,0,0,0
ob-01,sv,negative_support_experience,3,0.3048,0.3048,0.3048,0,0,0
ob-01,sv,competitor_consideration,3,0.009,0.009,0.009,0,0,0
ob-01,sv,churn_risk,3,0.20410000000000003,0.2041,0.2041,0,0,0
ob-01,sv,explicit_cancellation_intent,3,0.022000000000000002,0.022,0.022,0,0,0
ob-19,en,billing_problem,3,0.0841,0.0841,0.0841,0,0,0
ob-19,en,technical_problem,3,0.0275,0.0275,0.0275,0,0,0
ob-19,en,contract_problem,3,0.9540000000000001,0.954,0.954,0,0,0
ob-19,en,support_interaction_problem,3,0.058,0.058,0.058,0,0,0
ob-19,en,unresolved_issue,3,0.09249999999999999,0.0925,0.0925,0,0,0
ob-19,en,recurring_problem,3,0.029800000000000004,0.0298,0.0298,0,0,0
ob-19,en,positive_support_experience,3,0.0169,0.0169,0.0169,0,0,0
ob-19,en,negative_support_experience,3,0.1624,0.1624,0.1624,0,0,0
ob-19,en,competitor_consideration,3,0.0343,0.0343,0.0343,0,0,0
ob-19,en,churn_risk,3,0.7585000000000001,0.7585,0.7585,0,0,0
ob-19,en,explicit_cancellation_intent,3,0.8059,0.8059,0.8059,0,0,0
ob-19,sv,billing_problem,3,0.1088,0.1088,0.1088,0,0,0
ob-19,sv,technical_problem,3,0.0094,0.0094,0.0094,0,0,0
ob-19,sv,contract_problem,3,0.9655,0.9655,0.9655,0,0,0
ob-19,sv,support_interaction_problem,3,0.09000000000000001,0.09,0.09,0,0,0
ob-19,sv,unresolved_issue,3,0.0522,0.0522,0.0522,0,0,0
ob-19,sv,recurring_problem,3,0.10059999999999998,0.1006,0.1006,0,0,0
ob-19,sv,positive_support_experience,3,0.0183,0.0183,0.0183,0,0,0
ob-19,sv,negative_support_experience,3,0.2084,0.2084,0.2084,0,0,0
ob-19,sv,competitor_consideration,3,0.0328,0.0328,0.0328,0,0,0
ob-19,sv,churn_risk,3,0.9526,0.9526,0.9526,0,0,0
ob-19,sv,explicit_cancellation_intent,3,0.8163,0.8163,0.8163,0,0,0
mu-02,en,billing_problem,3,0.9748,0.9748,0.9748,0,0,0
mu-02,en,technical_problem,3,0.21230000000000002,0.2123,0.2123,0,0,0
mu-02,en,contract_problem,3,0.1411,0.1411,0.1411,0,0,0
mu-02,en,support_interaction_problem,3,0.9765,0.9765,0.9765,0,0,0
mu-02,en,unresolved_issue,3,0.8202000000000002,0.8202,0.8202,0,0,0
mu-02,en,recurring_problem,3,0.9739,0.9739,0.9739,0,0,0
mu-02,en,positive_support_experience,3,0.0026,0.0026,0.0026,0,0,0
mu-02,en,negative_support_experience,3,0.8661,0.8661,0.8661,0,0,0
mu-02,en,competitor_consideration,3,0.0467,0.0467,0.0467,0,0,0
mu-02,en,churn_risk,3,0.8024,0.8024,0.8024,0,0,0
mu-02,en,explicit_cancellation_intent,3,0.2893,0.2893,0.2893,0,0,0
mu-02,sv,billing_problem,3,0.955,0.955,0.955,0,0,0
mu-02,sv,technical_problem,3,0.1524,0.1524,0.1524,0,0,0
mu-02,sv,contract_problem,3,0.0692,0.0692,0.0692,0,0,0
mu-02,sv,support_interaction_problem,3,0.9511,0.9511,0.9511,0,0,0
mu-02,sv,unresolved_issue,3,0.7887999999999998,0.7888,0.7888,0,0,0
mu-02,sv,recurring_problem,3,0.8905,0.8905,0.8905,0,0,0
mu-02,sv,positive_support_experience,3,0.0019,0.0019,0.0019,0,0,0
mu-02,sv,negative_support_experience,3,0.8905,0.8905,0.8905,0,0,0
mu-02,sv,competitor_consideration,3,0.0181,0.0181,0.0181,0,0,0
mu-02,sv,churn_risk,3,0.702,0.702,0.702,0,0,0
mu-02,sv,explicit_cancellation_intent,3,0.1068,0.1068,0.1068,0,0,0
mu-05,en,billing_problem,3,0.9751,0.9751,0.9751,0,0,0
mu-05,en,technical_problem,3,0.1694,0.1694,0.1694,0,0,0
mu-05,en,contract_problem,3,0.5073,0.5073,0.5073,0,0,0
mu-05,en,support_interaction_problem,3,0.9821,0.9821,0.9821,0,0,0
mu-05,en,unresolved_issue,3,0.8613,0.8613,0.8613,0,0,0
mu-05,en,recurring_problem,3,0.1579,0.1579,0.1579,0,0,0
mu-05,en,positive_support_experience,3,0.0057,0.0057,0.0057,0,0,0
mu-05,en,negative_support_experience,3,0.8838,0.8838,0.8838,0,0,0
mu-05,en,competitor_consideration,3,0.9601000000000001,0.9601,0.9601,0,0,0
mu-05,en,churn_risk,3,0.9350999999999999,0.9351,0.9351,0,0,0
mu-05,en,explicit_cancellation_intent,3,0.488,0.488,0.488,0,0,0
mu-05,sv,billing_problem,3,0.9338000000000001,0.9338,0.9338,0,0,0
mu-05,sv,technical_problem,3,0.2442,0.2442,0.2442,0,0,0
mu-05,sv,contract_problem,3,0.2524,0.2524,0.2524,0,0,0
mu-05,sv,support_interaction_problem,3,0.9236999999999999,0.9237,0.9237,0,0,0
mu-05,sv,unresolved_issue,3,0.8043,0.8043,0.8043,0,0,0
mu-05,sv,recurring_problem,3,0.3546,0.3546,0.3546,0,0,0
mu-05,sv,positive_support_experience,3,0.0049,0.0049,0.0049,0,0,0
mu-05,sv,negative_support_experience,3,0.859,0.859,0.859,0,0,0
mu-05,sv,competitor_consideration,3,0.9523,0.9523,0.9523,0,0,0
mu-05,sv,churn_risk,3,0.9038,0.9038,0.9038,0,0,0
mu-05,sv,explicit_cancellation_intent,3,0.2665,0.2665,0.2665,0,0,0
vg-04,en,billing_problem,3,0.024000000000000004,0.024,0.024,0,0,0
vg-04,en,technical_problem,3,0.5162,0.5162,0.5162,0,0,0
vg-04,en,contract_problem,3,0.0302,0.0302,0.0302,0,0,0
vg-04,en,support_interaction_problem,3,0.0711,0.0711,0.0711,0,0,0
vg-04,en,unresolved_issue,3,0.2155,0.2155,0.2155,0,0,0
vg-04,en,recurring_problem,3,0.055,0.055,0.055,0,0,0
vg-04,en,positive_support_experience,3,0.0058,0.0058,0.0058,0,0,0
vg-04,en,negative_support_experience,3,0.33359999999999995,0.3336,0.3336,0,0,0
vg-04,en,competitor_consideration,3,0.0246,0.0246,0.0246,0,0,0
vg-04,en,churn_risk,3,0.37379999999999997,0.3738,0.3738,0,0,0
vg-04,en,explicit_cancellation_intent,3,0.1052,0.1052,0.1052,0,0,0
vg-04,sv,billing_problem,3,0.012000000000000002,0.012,0.012,0,0,0
vg-04,sv,technical_problem,3,0.3795,0.3795,0.3795,0,0,0
vg-04,sv,contract_problem,3,0.0497,0.0497,0.0497,0,0,0
vg-04,sv,support_interaction_problem,3,0.0267,0.0267,0.0267,0,0,0
vg-04,sv,unresolved_issue,3,0.2118,0.2118,0.2118,0,0,0
vg-04,sv,recurring_problem,3,0.2055,0.2055,0.2055,0,0,0
vg-04,sv,positive_support_experience,3,0.0129,0.0129,0.0129,0,0,0
vg-04,sv,negative_support_experience,3,0.17180000000000004,0.1718,0.1718,0,0,0
vg-04,sv,competitor_consideration,3,0.0198,0.0198,0.0198,0,0,0
vg-04,sv,churn_risk,3,0.2882,0.2882,0.2882,0,0,0
vg-04,sv,explicit_cancellation_intent,3,0.1621,0.1621,0.1621,0,0,0
bd-03,en,billing_problem,3,0.1287,0.1287,0.1287,0,0,0
bd-03,en,technical_problem,3,0.0209,0.0209,0.0209,0,0,0
bd-03,en,contract_problem,3,0.9467,0.9467,0.9467,0,0,0
bd-03,en,support_interaction_problem,3,0.0804,0.0804,0.0804,0,0,0
bd-03,en,unresolved_issue,3,0.1123,0.1123,0.1123,0,0,0
bd-03,en,recurring_problem,3,0.0337,0.0337,0.0337,0,0,0
bd-03,en,positive_support_experience,3,0.0382,0.0382,0.0382,0,0,0
bd-03,en,negative_support_experience,3,0.0739,0.0739,0.0739,0,0,0
bd-03,en,competitor_consideration,3,0.05079999999999999,0.0508,0.0508,0,0,0
bd-03,en,churn_risk,3,0.7696999999999999,0.7697,0.7697,0,0,0
bd-03,en,explicit_cancellation_intent,3,0.1703,0.1703,0.1703,0,0,0
bd-03,sv,billing_problem,3,0.1644,0.1644,0.1644,0,0,0
bd-03,sv,technical_problem,3,0.029300000000000003,0.0293,0.0293,0,0,0
bd-03,sv,contract_problem,3,0.9201,0.9201,0.9201,0,0,0
bd-03,sv,support_interaction_problem,3,0.0752,0.0752,0.0752,0,0,0
bd-03,sv,unresolved_issue,3,0.0922,0.0922,0.0922,0,0,0
bd-03,sv,recurring_problem,3,0.0652,0.0652,0.0652,0,0,0
bd-03,sv,positive_support_experience,3,0.056299999999999996,0.0563,0.0563,0,0,0
bd-03,sv,negative_support_experience,3,0.0476,0.0476,0.0476,0,0,0
bd-03,sv,competitor_consideration,3,0.0374,0.0374,0.0374,0,0,0
bd-03,sv,churn_risk,3,0.6589,0.6589,0.6589,0,0,0
bd-03,sv,explicit_cancellation_intent,3,0.0748,0.0748,0.0748,0,0,0
cd-03,en,billing_problem,3,0.9055,0.9055,0.9055,0,0,0
cd-03,en,technical_problem,3,0.08639999999999999,0.0864,0.0864,0,0,0
cd-03,en,contract_problem,3,0.7300999999999999,0.7301,0.7301,0,0,0
cd-03,en,support_interaction_problem,3,0.1571,0.1571,0.1571,0,0,0
cd-03,en,unresolved_issue,3,0.222,0.222,0.222,0,0,0
cd-03,en,recurring_problem,3,0.0984,0.0984,0.0984,0,0,0
cd-03,en,positive_support_experience,3,0.3188,0.3188,0.3188,0,0,0
cd-03,en,negative_support_experience,3,0.2745,0.2745,0.2745,0,0,0
cd-03,en,competitor_consideration,3,0.9019,0.9019,0.9019,0,0,0
cd-03,en,churn_risk,3,0.9274999999999999,0.9275,0.9275,0,0,0
cd-03,en,explicit_cancellation_intent,3,0.062,0.062,0.062,0,0,0
cd-03,sv,billing_problem,3,0.9196,0.9196,0.9196,0,0,0
cd-03,sv,technical_problem,3,0.023500000000000004,0.0235,0.0235,0,0,0
cd-03,sv,contract_problem,3,0.7174999999999999,0.7175,0.7175,0,0,0
cd-03,sv,support_interaction_problem,3,0.0644,0.0644,0.0644,0,0,0
cd-03,sv,unresolved_issue,3,0.082,0.082,0.082,0,0,0
cd-03,sv,recurring_problem,3,0.1134,0.1134,0.1134,0,0,0
cd-03,sv,positive_support_experience,3,0.3486,0.3486,0.3486,0,0,0
cd-03,sv,negative_support_experience,3,0.1653,0.1653,0.1653,0,0,0
cd-03,sv,competitor_consideration,3,0.9022,0.9022,0.9022,0,0,0
cd-03,sv,churn_risk,3,0.9242,0.9242,0.9242,0,0,0
cd-03,sv,explicit_cancellation_intent,3,0.0917,0.0917,0.0917,0,0,0
lg-07,en,billing_problem,3,0.9455,0.9455,0.9455,0,0,0
lg-07,en,technical_problem,3,0.3429,0.3429,0.3429,0,0,0
lg-07,en,contract_problem,3,0.769,0.769,0.769,0,0,0
lg-07,en,support_interaction_problem,3,0.5014,0.5014,0.5014,0,0,0
lg-07,en,unresolved_issue,3,0.4582,0.4582,0.4582,0,0,0
lg-07,en,recurring_problem,3,0.0691,0.0691,0.0691,0,0,0
lg-07,en,positive_support_experience,3,0.9485,0.9485,0.9485,0,0,0
lg-07,en,negative_support_experience,3,0.5698,0.5698,0.5698,0,0,0
lg-07,en,competitor_consideration,3,0.9203,0.9203,0.9203,0,0,0
lg-07,en,churn_risk,3,0.5381,0.5381,0.5381,0,0,0
lg-07,en,explicit_cancellation_intent,3,0.08390000000000002,0.0839,0.0839,0,0,0
lg-07,sv,billing_problem,3,0.908,0.908,0.908,0,0,0
lg-07,sv,technical_problem,3,0.4209,0.4209,0.4209,0,0,0
lg-07,sv,contract_problem,3,0.7951,0.7951,0.7951,0,0,0
lg-07,sv,support_interaction_problem,3,0.4731,0.4731,0.4731,0,0,0
lg-07,sv,unresolved_issue,3,0.276,0.276,0.276,0,0,0
lg-07,sv,recurring_problem,3,0.0715,0.0715,0.0715,0,0,0
lg-07,sv,positive_support_experience,3,0.7734,0.7734,0.7734,0,0,0
lg-07,sv,negative_support_experience,3,0.551,0.551,0.551,0,0,0
lg-07,sv,competitor_consideration,3,0.9532000000000002,0.9532,0.9532,0,0,0
lg-07,sv,churn_risk,3,0.4119,0.4119,0.4119,0,0,0
lg-07,sv,explicit_cancellation_intent,3,0.1282,0.1282,0.1282,0,0,0
ng-05,en,billing_problem,3,0.1434,0.1434,0.1434,0,0,0
ng-05,en,technical_problem,3,0.7624999999999998,0.7625,0.7625,0,0,0
ng-05,en,contract_problem,3,0.0753,0.0753,0.0753,0,0,0
ng-05,en,support_interaction_problem,3,0.1818,0.1818,0.1818,0,0,0
ng-05,en,unresolved_issue,3,0.3055,0.3055,0.3055,0,0,0
ng-05,en,recurring_problem,3,0.1522,0.1522,0.1522,0,0,0
ng-05,en,positive_support_experience,3,0.0122,0.0122,0.0122,0,0,0
ng-05,en,negative_support_experience,3,0.341,0.341,0.341,0,0,0
ng-05,en,competitor_consideration,3,0.0266,0.0266,0.0266,0,0,0
ng-05,en,churn_risk,3,0.2761,0.2761,0.2761,0,0,0
ng-05,en,explicit_cancellation_intent,3,0.0627,0.0627,0.0627,0,0,0
ng-05,sv,billing_problem,3,0.058,0.058,0.058,0,0,0
ng-05,sv,technical_problem,3,0.8408000000000001,0.8408,0.8408,0,0,0
ng-05,sv,contract_problem,3,0.04650000000000001,0.0465,0.0465,0,0,0
ng-05,sv,support_interaction_problem,3,0.1204,0.1204,0.1204,0,0,0
ng-05,sv,unresolved_issue,3,0.3205,0.3205,0.3205,0,0,0
ng-05,sv,recurring_problem,3,0.2437,0.2437,0.2437,0,0,0
ng-05,sv,positive_support_experience,3,0.0208,0.0208,0.0208,0,0,0
ng-05,sv,negative_support_experience,3,0.2885,0.2885,0.2885,0,0,0
ng-05,sv,competitor_consideration,3,0.0141,0.0141,0.0141,0,0,0
ng-05,sv,churn_risk,3,0.1407,0.1407,0.1407,0,0,0
ng-05,sv,explicit_cancellation_intent,3,0.0531,0.0531,0.0531,0,0,0
ng-09,en,billing_problem,3,0.9197000000000001,0.9197,0.9197,0,0,0
ng-09,en,technical_problem,3,0.1833,0.1833,0.1833,0,0,0
ng-09,en,contract_problem,3,0.1436,0.1436,0.1436,0,0,0
ng-09,en,support_interaction_problem,3,0.2822,0.2822,0.2822,0,0,0
ng-09,en,unresolved_issue,3,0.2957,0.2957,0.2957,0,0,0
ng-09,en,recurring_problem,3,0.1479,0.1479,0.1479,0,0,0
ng-09,en,positive_support_experience,3,0.8321999999999999,0.8322,0.8322,0,0,0
ng-09,en,negative_support_experience,3,0.17699999999999996,0.177,0.177,0,0,0
ng-09,en,competitor_consideration,3,0.8943,0.8943,0.8943,0,0,0
ng-09,en,churn_risk,3,0.5445,0.5445,0.5445,0,0,0
ng-09,en,explicit_cancellation_intent,3,0.0404,0.0404,0.0404,0,0,0
ng-09,sv,billing_problem,3,0.9117000000000001,0.9117,0.9117,0,0,0
ng-09,sv,technical_problem,3,0.1303,0.1303,0.1303,0,0,0
ng-09,sv,contract_problem,3,0.1527,0.1527,0.1527,0,0,0
ng-09,sv,support_interaction_problem,3,0.2874,0.2874,0.2874,0,0,0
ng-09,sv,unresolved_issue,3,0.0712,0.0712,0.0712,0,0,0
ng-09,sv,recurring_problem,3,0.1999,0.1999,0.1999,0,0,0
ng-09,sv,positive_support_experience,3,0.888,0.888,0.888,0,0,0
ng-09,sv,negative_support_experience,3,0.0791,0.0791,0.0791,0,0,0
ng-09,sv,competitor_consideration,3,0.9228999999999999,0.9229,0.9229,0,0,0
ng-09,sv,churn_risk,3,0.3189,0.3189,0.3189,0,0,0
ng-09,sv,explicit_cancellation_intent,3,0.0663,0.0663,0.0663,0,0,0
