gate_id,language,candidate,recommended_for_policy,current_threshold,candidate_threshold,tp,fp,fn,tn,precision,recall,f1,balanced_accuracy,specificity,false_positive_rate,false_negative_rate,review_rate
billing_problem,en,f1,true,0.75,0.75,17,1,2,51,0.944444,0.894737,0.918919,0.937753,0.980769,0.019231,0.105263,0.084507
billing_problem,en,precision,false,0.75,0.82675,15,0,4,52,1,0.789474,0.882353,0.894737,1,0,0.210526,0.126761
billing_problem,en,recall,false,0.75,0.3818,19,5,0,47,0.791667,1,0.883721,0.951923,0.903846,0.096154,0,0
billing_problem,sv,f1,true,0.75,0.3111,19,5,0,47,0.791667,1,0.883721,0.951923,0.903846,0.096154,0,0
billing_problem,sv,precision,false,0.75,0.7928,14,1,5,51,0.933333,0.736842,0.823529,0.858806,0.980769,0.019231,0.263158,0.098592
billing_problem,sv,recall,false,0.75,0.3111,19,5,0,47,0.791667,1,0.883721,0.951923,0.903846,0.096154,0,0
billing_problem,combined,f1,true,0.75,0.3111,38,10,0,94,0.791667,1,0.883721,0.951923,0.903846,0.096154,0,0
billing_problem,combined,precision,false,0.75,0.82675,28,1,10,103,0.965517,0.736842,0.835821,0.863613,0.990385,0.009615,0.263158,0.119718
billing_problem,combined,recall,false,0.75,0.3111,38,10,0,94,0.791667,1,0.883721,0.951923,0.903846,0.096154,0,0
technical_problem,en,f1,true,0.75,0.80495,19,0,4,49,1,0.826087,0.904762,0.913043,1,0,0.173913,0.180556
technical_problem,en,precision,false,0.75,0.80495,19,0,4,49,1,0.826087,0.904762,0.913043,1,0,0.173913,0.180556
technical_problem,en,recall,false,0.75,0.5165,23,6,0,43,0.793103,1,0.884615,0.938776,0.877551,0.122449,0,0.041667
technical_problem,sv,f1,true,0.75,0.5715,20,4,3,45,0.833333,0.869565,0.851064,0.893966,0.918367,0.081633,0.130435,0.111111
technical_problem,sv,precision,false,0.75,0.8934,16,0,7,49,1,0.695652,0.820513,0.847826,1,0,0.304348,0.222222
technical_problem,sv,recall,false,0.75,0.3502,23,9,0,40,0.71875,1,0.836364,0.908163,0.816327,0.183673,0,0
technical_problem,combined,f1,true,0.75,0.5715,42,8,4,90,0.84,0.913043,0.875,0.915705,0.918367,0.081633,0.086957,0.097222
technical_problem,combined,precision,false,0.75,0.8769,33,0,13,98,1,0.717391,0.835443,0.858696,1,0,0.282609,0.215278
technical_problem,combined,recall,false,0.75,0.3502,46,18,0,80,0.71875,1,0.836364,0.908163,0.816327,0.183673,0,0
contract_problem,en,f1,true,0.75,0.7287,13,4,5,51,0.764706,0.722222,0.742857,0.824747,0.927273,0.072727,0.277778,0.150685
contract_problem,en,precision,false,0.75,0.8489,10,2,8,53,0.833333,0.555556,0.666667,0.759596,0.963636,0.036364,0.444444,0.219178
contract_problem,en,recall,false,0.75,0.3068,18,14,0,41,0.5625,1,0.72,0.872727,0.745455,0.254545,0,0
contract_problem,sv,f1,true,0.75,0.75,14,1,4,54,0.933333,0.777778,0.848485,0.879798,0.981818,0.018182,0.222222,0.136986
contract_problem,sv,precision,false,0.75,0.75,14,1,4,54,0.933333,0.777778,0.848485,0.879798,0.981818,0.018182,0.222222,0.136986
contract_problem,sv,recall,false,0.75,0.4563,16,6,2,49,0.727273,0.888889,0.8,0.889899,0.890909,0.109091,0.111111,0.041096
contract_problem,combined,f1,true,0.75,0.7287,27,5,9,105,0.84375,0.75,0.794118,0.852273,0.954545,0.045455,0.25,0.143836
contract_problem,combined,precision,false,0.75,0.7287,27,5,9,105,0.84375,0.75,0.794118,0.852273,0.954545,0.045455,0.25,0.143836
contract_problem,combined,recall,false,0.75,0.3068,34,23,2,87,0.596491,0.944444,0.731183,0.867677,0.790909,0.209091,0.055556,0
support_interaction_problem,en,f1,true,0.75,0.82785,8,0,1,66,1,0.888889,0.941176,0.944444,1,0,0.111111,0.213333
support_interaction_problem,en,precision,false,0.75,0.82785,8,0,1,66,1,0.888889,0.941176,0.944444,1,0,0.111111,0.213333
support_interaction_problem,en,recall,false,0.75,0.7042,9,2,0,64,0.818182,1,0.9,0.984848,0.969697,0.030303,0,0.173333
support_interaction_problem,sv,f1,true,0.75,0.75,9,1,0,65,0.9,1,0.947368,0.992424,0.984848,0.015152,0,0.146667
support_interaction_problem,sv,precision,false,0.75,0.80515,8,0,1,66,1,0.888889,0.941176,0.944444,1,0,0.111111,0.173333
support_interaction_problem,sv,recall,false,0.75,0.75,9,1,0,65,0.9,1,0.947368,0.992424,0.984848,0.015152,0,0.146667
support_interaction_problem,combined,f1,true,0.75,0.7602,17,1,1,131,0.944444,0.944444,0.944444,0.968434,0.992424,0.007576,0.055556,0.18
support_interaction_problem,combined,precision,false,0.75,0.80515,16,0,2,132,1,0.888889,0.941176,0.944444,1,0,0.111111,0.193333
support_interaction_problem,combined,recall,false,0.75,0.7042,18,3,0,129,0.857143,1,0.923077,0.988636,0.977273,0.022727,0,0.16
unresolved_issue,en,f1,true,0.8,0.6646,15,1,2,56,0.9375,0.882353,0.909091,0.932405,0.982456,0.017544,0.117647,0.121622
unresolved_issue,en,precision,false,0.8,0.6646,15,1,2,56,0.9375,0.882353,0.909091,0.932405,0.982456,0.017544,0.117647,0.121622
unresolved_issue,en,recall,false,0.8,0.4937,16,5,1,52,0.761905,0.941176,0.842105,0.926729,0.912281,0.087719,0.058824,0.054054
unresolved_issue,sv,f1,true,0.8,0.81245,14,0,3,57,1,0.823529,0.903226,0.911765,1,0,0.176471,0.094595
unresolved_issue,sv,precision,false,0.8,0.81245,14,0,3,57,1,0.823529,0.903226,0.911765,1,0,0.176471,0.094595
unresolved_issue,sv,recall,false,0.8,0.7073,16,3,1,54,0.842105,0.941176,0.888889,0.944272,0.947368,0.052632,0.058824,0.027027
unresolved_issue,combined,f1,true,0.8,0.6646,31,4,3,110,0.885714,0.911765,0.898551,0.938338,0.964912,0.035088,0.088235,0.074324
unresolved_issue,combined,precision,false,0.8,0.83945,25,0,9,114,1,0.735294,0.847458,0.867647,1,0,0.264706,0.141892
unresolved_issue,combined,recall,false,0.8,0.6646,31,4,3,110,0.885714,0.911765,0.898551,0.938338,0.964912,0.035088,0.088235,0.074324
recurring_problem,en,f1,true,0.8,0.88245,12,4,0,58,0.75,1,0.857143,0.967742,0.935484,0.064516,0,0.081081
recurring_problem,en,precision,false,0.8,0.95935,9,0,3,62,1,0.75,0.857143,0.875,1,0,0.25,0.175676
recurring_problem,en,recall,false,0.8,0.88245,12,4,0,58,0.75,1,0.857143,0.967742,0.935484,0.064516,0,0.081081
recurring_problem,sv,f1,true,0.8,0.7099,12,7,0,55,0.631579,1,0.774194,0.943548,0.887097,0.112903,0,0.067568
recurring_problem,sv,precision,false,0.8,0.88095,5,0,7,62,1,0.416667,0.588235,0.708333,1,0,0.583333,0.256757
recurring_problem,sv,recall,false,0.8,0.7099,12,7,0,55,0.631579,1,0.774194,0.943548,0.887097,0.112903,0,0.067568
recurring_problem,combined,f1,true,0.8,0.7099,24,15,0,109,0.615385,1,0.761905,0.939516,0.879032,0.120968,0,0.047297
recurring_problem,combined,precision,false,0.8,0.88175,17,4,7,120,0.809524,0.708333,0.755556,0.838038,0.967742,0.032258,0.291667,0.168919
recurring_problem,combined,recall,false,0.8,0.7099,24,15,0,109,0.615385,1,0.761905,0.939516,0.879032,0.120968,0,0.047297
positive_support_experience,en,f1,true,0.8,0.2301,12,1,0,62,0.923077,1,0.96,0.992063,0.984127,0.015873,0,0
positive_support_experience,en,precision,false,0.8,0.6924,10,0,2,63,1,0.833333,0.909091,0.916667,1,0,0.166667,0.013333
positive_support_experience,en,recall,false,0.8,0.2301,12,1,0,62,0.923077,1,0.96,0.992063,0.984127,0.015873,0,0
positive_support_experience,sv,f1,true,0.8,0.3428,12,2,0,61,0.857143,1,0.923077,0.984127,0.968254,0.031746,0,0
positive_support_experience,sv,precision,false,0.8,0.6783,10,1,2,62,0.909091,0.833333,0.869565,0.90873,0.984127,0.015873,0.166667,0.013333
positive_support_experience,sv,recall,false,0.8,0.3428,12,2,0,61,0.857143,1,0.923077,0.984127,0.968254,0.031746,0,0
positive_support_experience,combined,f1,true,0.8,0.2301,24,3,0,123,0.888889,1,0.941176,0.988095,0.97619,0.02381,0,0
positive_support_experience,combined,precision,false,0.8,0.6783,20,1,4,125,0.952381,0.833333,0.888889,0.912698,0.992063,0.007937,0.166667,0.013333
positive_support_experience,combined,recall,false,0.8,0.2301,24,3,0,123,0.888889,1,0.941176,0.988095,0.97619,0.02381,0,0
negative_support_experience,en,f1,true,0.8,0.8303,14,3,4,50,0.823529,0.777778,0.8,0.860587,0.943396,0.056604,0.222222,0.43662
negative_support_experience,en,precision,false,0.8,0.8303,14,3,4,50,0.823529,0.777778,0.8,0.860587,0.943396,0.056604,0.222222,0.43662
negative_support_experience,en,recall,false,0.8,0.7174,17,12,1,41,0.586207,0.944444,0.723404,0.859015,0.773585,0.226415,0.055556,0.267606
negative_support_experience,sv,f1,true,0.8,0.80765,15,4,3,49,0.789474,0.833333,0.810811,0.878931,0.924528,0.075472,0.166667,0.267606
negative_support_experience,sv,precision,false,0.8,0.80765,15,4,3,49,0.789474,0.833333,0.810811,0.878931,0.924528,0.075472,0.166667,0.267606
negative_support_experience,sv,recall,false,0.8,0.7446,17,8,1,45,0.68,0.944444,0.790698,0.896751,0.849057,0.150943,0.055556,0.183099
negative_support_experience,combined,f1,true,0.8,0.8195,28,8,8,98,0.777778,0.777778,0.777778,0.851153,0.924528,0.075472,0.222222,0.352113
negative_support_experience,combined,precision,false,0.8,0.8303,27,7,9,99,0.794118,0.75,0.771429,0.841981,0.933962,0.066038,0.25,0.366197
negative_support_experience,combined,recall,false,0.8,0.7174,34,20,2,86,0.62963,0.944444,0.755556,0.877883,0.811321,0.188679,0.055556,0.225352
competitor_consideration,en,f1,true,0.8,0.7136,9,0,0,65,1,1,1,1,1,0,0,0.013514
competitor_consideration,en,precision,false,0.8,0.7136,9,0,0,65,1,1,1,1,1,0,0,0.013514
competitor_consideration,en,recall,false,0.8,0.7136,9,0,0,65,1,1,1,1,1,0,0,0.013514
competitor_consideration,sv,f1,true,0.8,0.604,9,1,0,64,0.9,1,0.947368,0.992308,0.984615,0.015385,0,0.027027
competitor_consideration,sv,precision,false,0.8,0.8,8,0,1,65,1,0.888889,0.941176,0.944444,1,0,0.111111,0.054054
competitor_consideration,sv,recall,false,0.8,0.604,9,1,0,64,0.9,1,0.947368,0.992308,0.984615,0.015385,0,0.027027
competitor_consideration,combined,f1,true,0.8,0.604,18,1,0,129,0.947368,1,0.972973,0.996154,0.992308,0.007692,0,0.02027
competitor_consideration,combined,precision,false,0.8,0.8,16,0,2,130,1,0.888889,0.941176,0.944444,1,0,0.111111,0.040541
competitor_consideration,combined,recall,false,0.8,0.604,18,1,0,129,0.947368,1,0.972973,0.996154,0.992308,0.007692,0,0.02027
churn_risk,en,f1,false,0.7,0.808,13,2,1,52,0.866667,0.928571,0.896552,0.945767,0.962963,0.037037,0.071429,0.632353
churn_risk,en,precision,false,0.7,0.883,11,0,3,54,1,0.785714,0.88,0.892857,1,0,0.214286,0.691176
churn_risk,en,recall,true,0.7,0.808,13,2,1,52,0.866667,0.928571,0.896552,0.945767,0.962963,0.037037,0.071429,0.632353
churn_risk,sv,f1,false,0.7,0.77245,14,3,0,51,0.823529,1,0.903226,0.972222,0.944444,0.055556,0,0.485294
churn_risk,sv,precision,false,0.7,0.91705,8,0,6,54,1,0.571429,0.727273,0.785714,1,0,0.428571,0.617647
churn_risk,sv,recall,true,0.7,0.77245,14,3,0,51,0.823529,1,0.903226,0.972222,0.944444,0.055556,0,0.485294
churn_risk,combined,f1,false,0.7,0.77245,27,6,1,102,0.818182,0.964286,0.885246,0.954365,0.944444,0.055556,0.035714,0.551471
churn_risk,combined,precision,false,0.7,0.907,18,0,10,108,1,0.642857,0.782609,0.821429,1,0,0.357143,0.661765
churn_risk,combined,recall,true,0.7,0.77245,27,6,1,102,0.818182,0.964286,0.885246,0.954365,0.944444,0.055556,0.035714,0.551471
explicit_cancellation_intent,en,f1,false,0.85,0.4882,5,1,0,68,0.833333,1,0.909091,0.992754,0.985507,0.014493,0,0
explicit_cancellation_intent,en,precision,true,0.85,0.4882,5,1,0,68,0.833333,1,0.909091,0.992754,0.985507,0.014493,0,0
explicit_cancellation_intent,en,recall,false,0.85,0.4882,5,1,0,68,0.833333,1,0.909091,0.992754,0.985507,0.014493,0,0
explicit_cancellation_intent,sv,f1,false,0.85,0.5693,5,2,0,67,0.714286,1,0.833333,0.985507,0.971014,0.028986,0,0.013514
explicit_cancellation_intent,sv,precision,true,0.85,0.8131,4,1,1,68,0.8,0.8,0.8,0.892754,0.985507,0.014493,0.2,0.040541
explicit_cancellation_intent,sv,recall,false,0.85,0.5693,5,2,0,67,0.714286,1,0.833333,0.985507,0.971014,0.028986,0,0.013514
explicit_cancellation_intent,combined,f1,false,0.85,0.4882,10,4,0,134,0.714286,1,0.833333,0.985507,0.971014,0.028986,0,0
explicit_cancellation_intent,combined,precision,true,0.85,0.7694,8,2,2,136,0.8,0.8,0.8,0.892754,0.985507,0.014493,0.2,0.027027
explicit_cancellation_intent,combined,recall,false,0.85,0.4882,10,4,0,134,0.714286,1,0.833333,0.985507,0.971014,0.028986,0,0
