complaint_id,narrative
23748025,I am under XXXX XXXX bankruptcy and equifax is refusing to abide by XXXX XXXX bankruptcy laws. The collection agency is also breaking bankruptcy laws by not abiding or following laws. I do have an automatic stay but the Collection agency is now trying to call me and harass me for the debt and already hurt my credit score. I will pursue a lawsuit with the collection agency and equifax for not following the law if they do not remove this from my credit report.
23753432,"This letter serves as a formal CEASE AND DESIST and DEMAND FOR DEBT VALIDATION pursuant XXXX my rights under the Fair Debt Collection Practices Act ( XXXX XXXX XXXX ) XXXX the Fair Credit Reporting Act ( XXXX XXXX. XXXX ). You are hereby instructed XXXX CEASE AND DESIST all forms of communication with me, my family, or my place of employment regarding the alleged debt referenced above until proper validation is provided. Your agency has not verified a legal right XXXX collect, report, or pursue action on this account without complete validation of ownership XXXX legal assignment. I demand the following documentation within XXXX calendar days : XXXX. XXXX signed contract or application bearing my signature. XXXX. Complete chain of title/assignment of the debt. XXXX. Bill of sale or purchase agreement showing ownership of the debt. XXXX. Itemized statement of all amounts claimed ( principal, interest, fees, XXXX charges ). XXXX. Your debt collector license number XXXX states in which you are licensed. XXXX. XXXX bond information if required by law. If you can not produce the requested documentation, I demand that collection efforts cease XXXX that any inaccurate credit reporting be corrected or removed as required by applicable law. I reserve all rights under the FDCPA XXXX FCRA XXXX reserve the right XXXX file complaints with the Consumer Financial Protection Bureau ( CFPB ), the Federal Trade Commission ( FTC ), my state attorney general, XXXX pursue any other remedies available under the law if necessary. Failure XXXX comply within XXXX calendar days XXXX result in further legal action."
23760406,A debt from radiology popped up that opened XX/XX/year> however during or before then I didnt not receive any services in that regard.
23763510,"I totaled my car and could not resolve this issue with the loan holder, and now I'm in collections"
23766823,"On XX/XX/scrub> 2026, I received a phone call from an individual ( XXXX XXXX ) who falsely represented himself as a member of the XXXX XXXX XXXX team. He claimed there were available rebates, grants, and energy programs, which led me to believe the info was legitimate. As a result of this deception, I agreed to have an AC system installed. The installation was completed, but XXXX XXXXXX/XX/XXXX XX/XX/XXXX sought payment of {$36000.00} for the work and arranged financing through XXXX XXXX XXXX XXXX. I did not knowingly agree to this finance under the circumstances presented to me. I have filed a complaint with XX/XX/XXXXXXXX XXXX office. The actual work was performed by XXXX XXXXXX/XX/XXXXXX/XX/XXXX, located in XXXX XXXX. XXXX XX/XX/XXXXhas since referred the balance to HF Holdings, a debt collection company in XXXX XXXX, and I am submitting this complaint to address the fraudulent circumstances surrounding the financing and collection of this debt. I believe I was the victim of a deceptive sales practice and fraudulent financing arrangement."
23768219,"I am filing a complaint against the collection agency for multiple violations of the federal Fair Debt Collection Practices Act ( FDCPA ) and the Texas Debt Collection Act ( TDCA ). The collector is aggressively pursuing a debt that does not belong to me and is the result of identity theft. Furthermore, even if the account were mine ( which it is not ), the alleged debt is too old to legally collect under my state 's laws. The collection agency is actively violating the following consumer protection laws : 1. Continued Collection on Known Fraud/Identity Theft Law Broken : FDCPA 1692e ( False or Misleading Representations ) and 1692f ( Unfair Practices ). Violation : The collector is attempting to collect an obligation that I do not legally owe. Under CFPB Circular 2023-1, continuing collection efforts and demanding payment on a debt resulting from identity theftespecially without supplying verifying documentationconstitutes a false representation of the character and legal status of the debt. 2. Failure to Provide Debt Verification Law Broken : FDCPA 1692g ( Validation of Debts ) and Texas Finance Code 392.202. Violation : The collector has failed to produce valid, granular account-origination documentation establishing that I incurred this debt. Under Texas law, they are required to cease active collection efforts if they can not verify the legitimacy or accuracy of the item in their file. 3. Unlawful Harassment and Abuse Law Broken : FDCPA 1692d and Texas Finance Code 392.302. Violation : The collector is engaging in continuous, oppressive, and harassing communication tactics to force payment on a disputed, unverified account. 4. Attempting to Collect a Time-Barred Debt Law Broken : Texas Civil Practice and Remedies Code 16.004 ( Statute of Limitations ). Violation : The alleged debt has surpassed the 4-year legal statute of limitations for credit card accounts in the State of Texas. Threatening legal action or applying unfair pressure on a time-barred debt that they have no legal ground to sue over is a deceptive practice. I demand that this agency cease and desist all communications, stop reporting this fraudulent account to the credit bureaus, and close the collection file immediately."
23770695,""" I am filing a complaint against the debt collection law firm XXXX XXXX for violating the FDCPA by using deceptive legal tactics and simulating legal process. This firm previously attempted an unlawful 'Notice of Garnishment ' against me without a valid judgment, which they were forced to remove. They are now attempting to force me to turn over my private banking and employment details using a 'Plaintiff 's Notice of Service of Fact Information Sheet ( Form 1.977 ). ' They are basing this on a XXXX order from a XX/XX/year> XXXX XXXX traffic court XXXX case. Traffic court citations do not result in standard civil money judgments and do not utilize Form 1.977. Furthermore, the XXXX deadline on the XXXX order expired over XXXX years ago. The firm has filed no Assignment of Judgment or Substitution of Counsel on the record. They are threatening me with civil court discovery mechanisms on an expired traffic ticket to illegally fish for my financial data, which constitutes a clear violation of 15 U.S.C. 1692e. ''"
23775448,"Complaint Against : IQ Data International , Inc. Regarding Case # : XXXX I am submitting this follow-up complaint because the response provided by IQ Data International, Inc. is insufficient , misleading, and fails to comply with federal law. IQ Data now claims they are not collecting on a judgment, but instead on alleged post-move-out charges such as repairs, utilities, and other lease-based amounts. However, they have still failed to provide any competent evidence that this debt is valid or that the amount is accurate. Their response relies solely on a statement that the client has confirmed the balance, which does not meet the legal standard for verification under the Fair Credit Reporting Act ( FCRA ) or validation under the Fair Debt Collection Practices Act ( FDCPA ). Additionally, IQ Data has failed to provide any of the following critical documents necessary to validate this alleged debt : * A signed lease agreement showing the specific provisions allowing these charges * An itemized final account statement sent after move-out * Move-out inspection reports * Photographic evidence of alleged damages * Repair invoices or receipts * Utility billing statements showing amounts owed Without this documentation, the debt is not verifiable and should not be reported."
23775479,"I am disputing charges related to a gym membership that I signed up for on XX/XX/XXXX. I initially signed up for a free trial at the gym. Before I was allowed to enter and view the facility, I was required to sign a membership contract and begin the membership process. After entering the gym and seeing the condition of the facility, I immediately decided I did not want to continue. The gym was in an unsanitary and unsafe condition. I observed broken machines, brown ceiling tiles, water dripping from the ceiling, and unsanitary conditions including cups, paper towels, and used/dirty restroom items left out in the facility. Due to these conditions and concerns regarding my health, I contacted the gym the same day to request cancellation. I contacted the gym through email, messaging, and by phone to explain that I wanted to cancel because of the condition of the facility and my health concerns. Despite my immediate request, the gym refused to honor the cancellation and only referred back to the contract. I did not use the gym after the trial visit and have been charged over {$300.00} for a membership/service I did not use. The gym advertises a {$79.00} buyout option for cancellation, but I was not offered that option or provided a reasonable resolution. I have attached documentation showing my communication with the gym regarding my cancellation request on the same day as the trial, as well as evidence supporting my concerns about the condition of the facility. I am requesting a review of these charges and asking that the company provide a fair resolution, including reversal of the charges or adjustment of the account based on the fact that I requested cancellation immediately, did not use the facility, and raised concerns about the condition of the premises. Thank you for your assistance."
23780919,"I am a victim of identity theft. An identity thief used my personal information without my permission to open an account and make purchases with XXXX XXXX XXXX XXXX. This debt is not mine. I have enclosed proof of my identity and a copy of my FTC Identity Theft Report. In accordance with the Fair Debt Collection Practices Act, I am asking you to stop collection proceedings against me and stop communicating with me about this debt, except as the Fair Credit Reporting Act allows. LVNV Funding LLC is attempting to collect approximately {$500.00} allegedly owed on a XXXX XXXX XXXX XXXX account. I dispute this debt in its entirety. I do not have any connections with this company and the reported address on the account."
23787349,"Multiple calls, refusal to verify debt but demanding I verify my identity."
23792431,"XXXX XXXX XXXX XXXX XXXX XXXX XXXX XXXX XXXX XXXX XXXXXX/XX/year> Via Certified Mail Midland Credit Management Attn : Compliance Department RE : Cease and Desist Communication To Whom It May Concern, This letter serves as formal notice that, pursuant to the Fair Debt Collection Practices Act ( FDCPA ), 15 U.S.C. 1692c ( c ), I hereby demand that you immediately cease all communication with me regarding any alleged debt you claim I owe. Effective upon receipt of this letter, you are instructed to stop contacting me by telephone, text message, email, voicemail, social media, or regular mail, except as permitted by law. The only communications I will accept are those informing me that : XXXX. You are terminating your collection efforts ; or XXXX. You intend to pursue a specific legal remedy that you are legally entitled to pursue. Any continued communication beyond what is allowed under the FDCPA may constitute a violation of federal law. I will keep records of any future contact and reserve all rights and remedies available to me. This letter is not an acknowledgment of liability for any alleged debt, nor should it be construed as a promise to pay. I expressly reserve all legal rights and defenses. Please confirm in writing that you have received and will comply with this request. Sincerely, XXXX XXXX XXXX"
23801363,"I am disputing the alleged debt reported by Jefferson Capital LLC associated with account ending in XXXX and a balance of {$620.00} because I have no knowledge of this account and do not believe it belongs to me. The account is associated with an address where I have never lived and with which I have no connection. I have filed and attached an FTC Identity Theft Report regarding this matter. Pursuant to FCRA 605B, I request that this account be blocked and deleted and that all collection activity related to this alleged debt cease immediately."
23804701,"I called on XX/XX/year> regarding the remaining line on my account because I switched my other XXXX lines to a new company, they stated it would cost {$30.00} per month. I received a notification saying my installments on my devices were paid off so I called asking why they were not unlocked, they stated because I owed a balance. I paid the balance which included additional money for the lines I did not have, the devices were unlocked but I continued getting charged for 3 lines when I only had 1 and they refused to fix it on their end, one representative admitted to seeing the mistake and fixed it but it was never resolved. When I received a bill in the mail I called in and requested the account being adjusted so I could pay, they stated they could not help because I did not have active lines."
23815786,"This third-party collection company, which is formerly known as Nationwide Recovery Systems that has unlawfully sent me no information that has ask for from the previous complaint that asked you, the CFPB, to have them about this so-called debit. I was not provided any information by XXXX XXXX that they was non profit under ( XXXX ( c ) ( XXXX ). That XXXX XXXX did not offer me or send me any in the mail to let me know what help i could get at the time. Because XXXX XXXX did not disclose any information to help me at that time while being homeless and injury that time. Nor did they commuinte and what they could provide to me. So both companies are breaking the law and statute"
23816642,"I first called XXXX XXXX XXXX Solutions since they are listed as the original creditor on my credit report. They have no record of the account. They could not find my name or any info in their system. I contacted Lockhart, Morris, & Montgomery to provide information on the collection account of {$980.00}, with no results. I've called numerous times, but they were not willing to help. On XX/XX/year>, I disputed this collection account on all three credit report agencies. The only thing the dispute did was change the account type from joint to individual."
23821925,I received a letter in the mail from Credit Control LLC saying that I owe a debt to XXXXXXXX XXXX XXXX XXXXXXXX amount of {$540.00}. I have already notified Credit Control that I am a XXXX XXXX XXXX XXXX so they are to cease and desist contacting me. They did not provide a written validation of debt within the time frame required by law after their first contact with me. I am filing this complaint because Credit Control and XXXX XXXX are attemtpting to collext exempt funds. The United States Department of Veteran Affairs has already determined that as a permanent aXXXX XXXX XXXX XXXX XXXX my income is exempt from the claims of creditors. Since both companies are now in violation of consumer protection laws I am filing this complaint and have notified the Texas Attorney General.
23830833,"I am correcting and updating my complaint. This L J Ross Associates , IncXXXX collection account is not related to XXXX. The account being reported by L J Ross Associates is associated with an alleged XXXX account. I am the victim of identity theft and I do not recognize this XXXX account. I did not open, authorize, use, benefit from, or agree to accept responsibility for this account. L J Ross Associates is now reporting this alleged account on my consumer credit report with a balance of approximately {$4700.00}. I have submitted an FTC Identity Theft Report regarding fraudulent accounts and unauthorized activity. I request that L J Ross Associates conduct a reasonable investigation, provide documentation proving this account belongs to me, and remove this collection account from all consumer reporting agencies if it can not verify that I personally opened and authorized this account. I request deletion of this collection account, cessation of collection activity, and written confirmation of the results of the investigation."
23832990,"I am submitting this complaint because I believe XXXX accounts are being reported inaccurately on my credit report and I am not responsible for them. The accounts are : Jefferson Capital Systems LLC Balance of {$820.00} XXXX XXXX XXXX of approximately {$1100.00} XXXX disputed the XXXX XXXX collection account with all three major credit bureaus ( Experian, Equifax, and TransUnion ) on XX/XX/year>. The account continues to show as under review and the matter has not been resolved. I have also sent several dispute letters and emails to XXXX XXXX XXXX regarding the Jefferson Capital Systems LLC account. I do not recognize this account, have never done business with Jefferson Capital Systems LLC, and do not believe I authorized or agreed to this debt. I have requested that these accounts be investigated and that documentation be provided showing that I am legally responsible for these debts. To date, I have not received sufficient evidence proving that these accounts belong to me. I am requesting that the companies and the credit bureaus conduct a thorough investigation. If they can not verify that I am legally responsible for these accounts, I request that they be removed from my credit reports in accordance with the Fair Credit Reporting Act."
23840232,"XXXX XXXX XXXX XXXX XXXX XXXX XXXX XXXX XXXX Re : Complaint Regarding Debt Collection Practices * * I am submitting this complaint regarding debt collection efforts concerning Account No. XXXX XXXX XXXX XXXX XXXX I dispute this alleged debt in its entirety. To the best of my knowledge, this alleged debt is more than eight years old, and I do not recognize it. I have never been provided with sufficient documentation demonstrating that I applied for or agreed to this account, nor have I been provided documentation establishing that the collector has the legal authority to collect it. I have received multiple telephone calls and collection letters that I believe are misleading and intimidating. During these communications, I was told that I could be taken to court and, according to my recollection, I was threatened with jail. I also received correspondence that appeared to come from another debt collector. After researching the telephone numbers used to contact me, I believe the communications originated from Portfolio Recovery Associates , LLC. Additionally, I have retained recordings and voicemail messages that reference what I believe to be fictitious or misleading court dates and legal proceedings. Based on my investigation, I believe these communications originated from or were connected to Portfolio Recovery Associates , LLC. I request that these communications be investigated to determine whether they comply with applicable federal and state debt collection laws. The only documentation I have received is a billing statement referencing an address that I do not recognize, dated XX/XX/XXXX. This does not establish that I incurred or owe the alleged debt. I have attempted on numerous occasions to resolve this matter and have requested that these collection efforts cease. Despite those requests, I continue to receive collection letters and telephone calls concerning this alleged debt. Because of these repeated communications and what I believe to be misleading collection practices, I have consulted with legal counsel regarding my rights and potential legal action. I reserve all rights and remedies available under federal and state law should these collection efforts continue in violation of applicable law. I respectfully request that this matter be investigated and that Portfolio Recovery Associates , LLC be required to : 1. Cease collection efforts unless and until it can fully validate the alleged debt. 2. Provide complete documentation establishing my legal responsibility for the account and its legal authority to collect it. 3. Correct or remove any inaccurate information reported to consumer reporting agencies. 4. Cease any misleading, deceptive, or threatening collection communications. 5. Preserve all records, recordings, notes, and communications relating to this account and all telephone calls made to me. Nothing in this complaint should be construed as an acknowledgment of liability for the alleged debt or as a promise to pay. I expressly dispute this alleged debt and request a prompt written response. Respectfully, XXXX XXXX XXXX XXXX XXXX XXXX"
23851326,I learned about this that on XX/XX/year> I dont recall the date. The only reason I found out about this is the fact that I pulled my credit report to look at it and it was on there. I attempted to contact the company to get validated information of it to only be told that they are not liable to send me the information. This was over {$4000.00}. I never received any notification where I could actually appeal the debt or breakdown of the cost of why Im being charged so much.
23872749,"WHAT HAPPENED This complaint concerns new conduct by Global Solution Biz, LLC ( GSB ) occurring on XX/XX/year> after, and in response to, my prior complaint No. XXXX filed XX/XX/year>. It is not a duplicate of that complaint. XXXX. On XX/XX/year>, I filed complaint XXXX. XXXX regarding GSBs email falsely claiming it had initiated the process of freezing and attaching my bank account and threatening unannounced XXXX XXXX Enforcement team visits to my home and business. The same day, I sent GSB a written dispute and validation demand by email and certified mail, demanding an itemization, the underlying agreements, the complete chain of title, any judgment supporting its enforcement claims, and cessation of collection pending validation. XXXX. On XX/XX/year>, GSB responded to that complaint and marked it Closed with explanation. GSBs response did not address a single allegation. Instead, it was a new collection demand transmitted through the Bureaus portal : it demanded payment of {$16000.00} in full within five ( 5 ) days; stated that if I paid, no further lien enforcement action will be considered; warned the author had a limited amount of time to decide whether lien enforcement is appropriate; and solicited a phone call. No judgment or lien exists, so the threatened lien enforcement can not legally occur. XXXX. GSBs XX/XX/XXXX response repeats a false statement of who owns the debt. It describes the account as my Merchant Cash Advance with XXXX and states it has been assigned to Global Solution Biz, LLC for collection efforts and possible lien enforcement. Attached is XXXX written notice to me dated XX/XX/year>, stating that as of XX/XX/year>, the debt and all servicing information are owned by XXXX XXXX XXXX XXXX XXXX and that payments must be made to Landmark, not to XXXX. XXXX owned nothing on XX/XX/XXXX or XX/XX/year>, that it could have assigned to GSB or retained GSB to enforce. GSB has now misrepresented the identity of the current creditor twice : in its XX/XX/XXXX collection email and in its XX/XX/XXXX formal response to a federal complaint. XXXX. GSBs XX/XX/XXXX response also misdescribes the nature of the debt. It calls the account a XXXX XXXX XXXX under a Purchase and Sale Agreement with an unremitted receivables balance, and calls me the indemnitor. Fundboxs own XX/XX/year> notice describes the account as a loan ( the servicing of your loan ; payments against the loan ). GSBs description is inconsistent with the original creditors characterization of its own product, indicating GSB is not working from the actual account documents. GSB has never produced any agreement, assignment, guarantee, indemnity, or judgment. 5. GSB is continuing to collect a disputed debt it has never validated. GSB received my written dispute and validation demand by email on XX/XX/year>. Its answer, two days later, was a five-day payment ultimatum filed through this portal with no validation of any kind. In addition, the alleged debt was previously disputed in writing with XXXX XXXX XXXX XXXX XXXX ( now its owner, previously its collector ) on or about XX/XX/year> ; that dispute was never answered. No party in this debts chain has ever validated it. XXXX. This conduct misrepresenting the current creditor, misrepresenting the character and legal status of the debt, threatening lien enforcement that can not legally occur, demanding payment within five days through a federal complaint portal, and continuing collection after a written dispute without validation is deceptive and unfair. I ask the Bureau to record it as new conduct in GSBs complaint history and to review it together with complaint No. XXXX and my feedback filed there."
23873613,Filed police report back in XXXX for fraud ( because debt does not belong to me ) to resolve debt but no communication was provided by debt collectors or apartment complex.
23873633,This company is violating my rights they have not provided validation Information Under 12 CFR 1006.34 ( b ) ( 5 ) yet they have placed a collection on your consumer report recently.
23877075,"I was originally contacted by several family members who were provided with personal details including my full social! They stated a law firm called them saying I was facing legal action and potential jail sentence because and I quote she is a scumbag who doesnt pay her bills I was given a claim number by multiple family members who were yelled at when they asked questions because it seemed sketchy. I confirmed my address when they requested and they threatened to Have people show up at my house, place of employment and such to quote find me and that they would tell my coworkers / employer my details. This is absolutely terrifying. My cousin was given my full social. My brother was given details on the supposed debt and pressured to confirm my personal details and curse at when he wouldnt."
23888383,"I am filing a formal complaint against Capital One and its third-party debt buyer, XXXX XXXX XXXX XXXX for critical violations of the Fair Credit Reporting Act ( FCRA ) and the Fair Debt Collection Practices Act ( FDCPA ) regarding incomplete, unverified, and legally unsubstantiated consumer data reporting. This dispute involves two separate accounts transferred from Capital One to XXXX XXXX XXXX : Account XXXX : Alleged balance of {$440.00}, marked as opened on XX/XX/XXXX. Account XXXX : Alleged balance of {$290.00}, marked as opened on XX/XX/XXXX. A review of my consumer profile reveals that both of these trade lines are completely devoid of any underlying account metrics, showing absolutely no payment information and an entirely blank history grid. Furthermore, the companies are in direct violation of federal law for the following reasons : 1. Violation of XXXX XXXX. XXXX ( b ) ( FDCPA ) Failure to Provide Original Contract and Chain of Title : Because XXXX XXXX XXXX is a third-party debt buyer and not the original creator of this alleged debt, they are strictly required by law to validate the account upon consumer dispute. XXXX XXXX XXXX has failed to produce a copy of the original signed contract, user agreement, or a complete, legally binding "" XXXX of XXXX '' ( bills of sale ) showing a lawful, unbroken transfer of assignment from Capital One to their agency. Without the underlying contract or proof of ownership, XXXX XXXX XXXX has XXXX legal standing to enforce this obligation or report it to my consumer files. XXXX. Violation of XXXX XXXX. XXXX ( a ) ( XXXX ) ( A ) ( FCRA ) Duty to Provide Complete and Accurate Information : It is a legal and structural impossibility to report that a consumer owes delinquent collection balances ( {$440.00} and {$290.00} ) while simultaneously providing a 100 % blank payment history grid. A trade line can not be reported with severe negative collection statuses if the data furnisher fails to supply the actual historical payment data or a verifiable account ledger to justify it. XXXX. Unlawful Double Reporting and Liability Inflation : Capital One and XXXX XXXX XXXX are double-reporting active collection balances for the exact same underlying credit accounts, artificially inflating my debt-to-income liabilities and misrepresenting my credit standing. Prior attempts to dispute these glaring omissions and lack of contractual proof have been ignored. Because these trade lines lack any verifiable contract or payment history, they fail the statutory mandate for accuracy and validation. I demand that the CFPB compel the immediate deletion of these unverified trade lines."
23896462,"I have been receiving repeated calls daily throughout the day from this so-called debt collector. I have even been receiving harassing calls on weekends. I have also received threatening letters demanding that I sue in court. None of this information was sent to me from the original creditors, XXXX XXXX and XXXX. Your actions have caused and continue to cause harm to me, including but not limited to harassment, defamation, trespassing, interference with business, or other issues."
23899303,"To Whom It May Concern, I am filing this complaint regarding my former apartment complex, XXXX XXXX, because they are attempting to report a balance to my credit that I do not owe. While I lived at the property, there were serious habitability issues, including mold throughout the apartment and a broken air conditioning system. I repeatedly requested that these issues be repaired, but the apartment complex failed to properly address or fix them. Because of the unsafe living conditions, I had to contact the health/code enforcement department regarding the mold and the lack of repairs. Due to the apartment complexs failure to fix these issues, I moved out. The apartment then attempted to evict me for nonpayment. However, the judge ruled that because the apartment complex failed to make the necessary repairs, my lease was terminated and I did not owe the remaining rent or balance they were claiming. Despite the courts ruling, the apartment complex is now attempting to report the unpaid amount to my credit report. This is inaccurate and unfair because the court already determined that my lease was terminated and that I did not owe the remainder. I am requesting that the apartment complex immediately stop all collection efforts, remove or correct any negative credit reporting, and provide written confirmation that I do not owe this balance. I am also requesting that they update any collection agency or credit reporting agency they contacted and confirm that the account balance is {$0.00}. I have documentation showing the habitability issues, my contact with health/code enforcement, and the courts ruling. I am willing to provide these documents if needed."
23924892,"I am a XXXX XXXX filing this complaint against Monterey Financial Services , Inc. regarding an ongoing fraudulent consumer account. On XX/XX/XXXX, I purchased a puppy from XXXX XXXX ( franchisee XXXX XXXX XXXX XXXX XXXX ), which utilized Monterey Financial Services for financing. XXXX explicitly assured me the puppy was perfectly healthy, despite having performed a XXXX XXXX extraction on the puppy just days prior on XX/XX/XXXX, and rushing him from XXXX XXXX, FL. Within weeks, the puppy fell severely ill with XXXX due to a hidden, pre-existing weak immune system. On XX/XX/XXXX, a veterinary hospital confirmed there was no chance of recovery, and the puppy was humanely XXXX XXXX XXXX XXXX XXXX engaged in overt consumer fraud, neglect, and misrepresentation. In XX/XX/XXXX, XXXX XXXX permanently shut down and filed for Chapter XXXX bankruptcy protection. For XXXX years, I have continuously disputed this account. Monterey Financial Services continues to illegally add predatory charges, interest, and collection marks against my credit profile for a fraudulent transaction involving XXXX XXXX property. As a XXXX Veteran, I am being subjected to deceptive financing and abusive collection practices. I demand that Monterey Financial Services completely dissolve this account, clear the balance to {$0.00}, cease all collection attempts, and delete all associated negative remarks from my credit reports."
23926646,"I am disputing an inaccurate collection account reported by TekCollect for an alleged debt originating from XXXX. XXXX filed for Chapter XXXX bankruptcy and completely shut down all operations, failing to fulfill my treatment plan, complete my medical services, or deliver my remaining aligners. This constitutes a total breach of contract ; I can not be legally required to pay for services and products that were never rendered. TekCollect purchased this invalid, unfulfilled account and is trying to collect a debt that is not legally owed. Furthermore, XXXX has failed to conduct a reasonable investigation under the Fair Credit Reporting Act ( FCRA ), verifying a broken contract despite explicit email proof that the service was never fulfilled. I demand that TekCollect immediately cease all collection activities and completely delete this inaccurate trade line from my credit report."
23935982,"Velocity Investments , LLC is third party debt collector who bought from XXXXXXXX XXXX information is inaccurate. Attempted resolve no response. To whom this concerns. Writing in regards to legal documentation sent to me. I am willing to pay {$10.00} dollars a month or in XXXX total towards complaint. That is most I can afford at this time not working, and since moving from VA I don't have assets to help with this matter, and last nor can l afford legal fees. Please I take this a written statement and let me know if you accept this offer? Thank you for your consideration in this matter, XXXX XXXX XXXX XXXX No response to resolve"
23935988,"Remove this account from my credit report because the original creditor sold my account to a collection agency without properly notifying me and it's clearly violating my rights. In compliance to 15 U.S. Code 1692e ( 6 ) Debt collectors are legally obligated to adhere to 15 U.S. Code 1692e ( 6 ), which forbids them from providing false information or insinuating inaccuracies about the nature, amount, or legal standing of a debt. It is against the law to make deceptive statements or misrepresentations concerning the debt being pursued for collection."
23942703,"Spring Oaks Capital is actively reporting a collection account on my credit profile originating from XXXX XXXX for approximately {$2300.00}. I have previously disputed this account twice through the credit reporting agencies ( in XXXX ), but Spring Oaks Capital continues to verify the account without providing actual validation. On XX/XX/year>, I sent a formal written dispute and debt verification request directly to Spring Oaks Capital demanding a copy of the original signed contract, a complete itemized balance statement, and proof of their legal chain of title to collect on this FinWise Bank account. I am requesting that the CFPB compel Spring Oaks Capital to either produce the complete, original signed contract proving this debt and their legal right to collect it, or permanently delete the collection trade line from my credit files."
23945303,Third party called and threatened me several times from different numbers. Same person called and told me that if I didnt pay they were going to ruin my credit more than what it already was and that my check would be garnished and if I didnt do that I would eventually go to jail. Than another call the person said I was gon na be sued and that they have it where I will never be able to get a new apartment in my name. As of right now it is working. I dont know what they did.
23948431,"This company is breaking the law by failing to provide proper validation details as required under 12 CFR 1006.34 ( b ) ( 5 ). Despite this, they've added a collection to my credit report. I've already tried to resolve these issues directly with them, but they continue to violate my rights. For each violation listed, I am entitled to {$1000.00}. They must either compensate me or remove these accounts immediately."
23948616,"COMPLAINT FOR WILLFUL DECEPTIVE DEBT COLLECTION PRACTICES & OVERSHADOWING LITIGATION VIOLATIONSTARGET ENTITIES : XXXX XXXX XXXX XXXX ( XXXX XXXX XXXX XXXXXXXX XXXX, XXXX XXXX XXXX ACCOUNT : American Express National Bank Account XXXX in XXXX CASE FOOTPRINT : XXXX XXXXXXXX XXXX Case No. XXXX SENIOR VETERAN STATUS : I am an elder consumer over the age of XXXX and a retired Veteran of the XXXX XXXX XXXX with a 100 % Service-Connected Permanent & Total ( XXXX XXXX XXXX ) XXXX rating. XXXX percent ( 50 % ) of my overall rating is for a government-verified mental health condition. My entire household income consists exclusively of protected federal benefits ( VA XXXX, Social Security XXXX, and a Military Pension ), making me completely judgment-proof under 38 U.S.C. 5301 and 42 U.S.C. 407. My primary residence is a certified tax-exempt XXXX XXXX XXXX XXXX XXXX XXXX XXXX of the Florida Constitution.STATEMENT OF FACTUAL MISCONDUCT & STATUTORY VIOLATIONS : Deceptive Validation & Retaliatory Lawsuit : Prior to filing the lawsuit, I formally requested debt validation pursuant to 15 U.S.C. 1692g. The debt collection network responded by mailing a basic computer printout summary that failed to include original signed contracts or an unbroken chain of title. When I immediately sent a written response rejecting their insufficient computer printout and re-demanding admissible evidence, these entities completely refused to provide the contracts. Instead, they immediately launched a retaliatory, high-pressure lawsuit ( XXXX XXXX. XXXX ) to overshadow my dispute and bypass their federal verification duties.Complete Statutory Court Waiver : After they filed the lawsuit, I officially filed and served my formal, notarized Claim of Exemption and Answers to Interrogatories on XX/XX/year>. Plaintiff 's legal counsel, XXXX XXXX, P.A., took physical delivery of these documents via Certified Mail, signed for by their authorized mailroom agent, XXXX XXXX, on XX/XX/year>. Under Florida XXXX XXXX, counsel had a strict window to file a sworn objection. XXXX XXXX XXXX XXXX XXXX completely defaulted and failed to object, allowing the statutory deadline to permanently expire on XX/XX/year>, thereby legally waiving all collection claims.High-Pressure Corporate Redirection Scheme : On XX/XX/year>, American Express corporate counsel formally stated in writing under CFPB XXXX No : XXXX that they have entirely handed management of this debt over to XXXX XXXX XXXX XXXX XXXX XXXX XXXX XXXX Despite having actual written knowledge since XX/XX/year> that 100 % of my assets are legally immune and that all local collection rights have been statutorily waived, these XXXX entities are colluding to maintain bad-faith litigation.Collateral Credit Manipulation : While maintaining this frivolous litigation, these entities have allowed American Express 's data systems to execute a predatory credit squeeze play across consecutive monthly cycles, intentionally inflating my reported "" Amount Past Due '' line on a closed, charged-off profile ( {$2900.00} in XXXX, to {$3200.00} in XXXX, and escalating to {$3400.00} on XX/XX/year> ) to induce financial panic and damage my credit score.RELIEF DEMANDED : Full federal regulatory enforcement investigation into the deceptive, retaliatory collection practices of XXXX XXXX XXXX XXXX XXXX and XXXX XXXX XXXX XXXX formal order compelling these entities to file an immediate, unconditional Notice of Voluntary Dismissal with Prejudice for Case No. XXXX corporate directive to execute permanent written debt cancellation and a total tradeline history deletion from XXXX XXXX XXXX XXXX"
23956564,"Im currently XXXX months behind on my student loan payments with Sallie Mae. For the past several weeks, Ive been getting multiple collection calls from them every XXXX day. I reached out to them to explain my financial hardship Im currently unemployed and actively looking for work and asked if they could temporarily pause my payments until I get back on my feet. They told me there was nothing they could do to help and continued calling me daily. On XX/XX/2026, I called them back and again explained that Im searching for a job and currently have no income to make payments. Because my account is XXXX days past due, the representative transferred me to another department. The person I spoke with there told me that if I couldnt make any payments, they would report the account again and pursue legal action against me. I felt she was threatening me to force a payment, even though I had clearly explained that I have no money right now and would need about XXXX months to get my finances in order. I ended the call after that and immediately called Sallie Mae back to escalate my complaint to a manager. The manager took down my complaint and said he would review the call recording. I also let him know that I will be looking into my own legal options regarding how Ive been treated."
23957033,JEFFERSNCP is falsely reporting on my credit. I have never had any accounts with them. Per my research JEFFERSNCP is a debt collector. They are falsely reporting on my credit!! Account number is XXXX XXXX XXXX XXXX XXXX is falsely reporting to my credit file and is against my rights and fair credit act. Under U.S Code 1618d - Disclosure of investigation consumer report ; you are in violation.
23978568,"On XX/XX/XXXX, I called XXXX XXXX ( who had the debt from synchrony ) and negotiated a settlement. They represented that accepting payment on a settlement that was for less, they would provide the {$0.00} balance letter once the payment had been received ; which did not take place. I never received a receipt just a confirmation number ( XXXX ). It was represented that the letter would be settled for less with {$0.00} balance and instead they reported the balance remaining from the settlement which is negatively impacting my XXXX XXXX. I am now being told that it takes up to XXXX days to report the settlement to synchrony and up to XXXX days to report it to credit bureaus but that it will never show a {$0.00} balance. Which was not what was told to me originally."
23981817,MIDLAND CREDIT XXXX is falsely reporting on my credit. I have never had any accounts with them. Per my research MIDLAND CREDIT XXXX is a debt collector. They are falsely reporting on my credit!! Account number is XXXX XXXXXXXX is falsely reporting to my credit file and is against my rights and fair credit act. Under XXXX XXXX XXXX - Disclosure of investigation consumer report ; you are in violation.
23982105,"XXXX XXXX XXXX XXXX XXXX XXXX Washington DC XXXX XXXX XXXX To : XXXX XXXX XXXX XXXX XXXX XXXX XXXX XXXXXXXX, MN XXXX Re : Request for Debt Validation To Whom It May Concern, I am writing regarding the alleged debt you claim I owe. Pursuant to my rights under the XXXX XXXX XXXX XXXX XXXX I request validation of this debt. Please provide : * The name and address of the original creditor. * The account number associated with the alleged debt. * The amount of the alleged debt, including an itemization of any interest, fees, or other charges. * Documentation showing that I am legally obligated to pay this debt. * Documentation showing that your agency has the authority to collect this debt. Until you provide the requested validation, I request that you cease collection efforts on this account as required by applicable law. This letter is not an acknowledgment of liability for the alleged debt, nor is it a promise to pay. I reserve all rights available to me under federal and state law. Please respond in writing to the address listed above. Sincerely, XXXX XXXX XXXX XXXX"
23994280,"Subject : Severe FDCPA and FCRA Violations : Fraud upon the Court, Deceptive Litigation, and Credit Defamation by LVNV Funding LLC [ XXXX, XXXX ] and their legal representative XXXX XXXX XXXX, XXXX, specific attorney : XXXX XXXX I am filing this formal complaint against LVNV Funding LLC and their legal counsel for egregious violations of the Fair Debt Collection Practices Act ( FDCPA ), specifically 15 U.S.C. 1692e ( False or Misleading Representations ), and the Fair Credit Reporting Act ( FCRA ). LVNV Funding LLC initiated a debt collection lawsuit against me. During the active timeline of this case, their legal counsel explicitly stated to me via written email and recorded telephonic communications that I did not need to go to court because the case and the multiple other listings on my credit reports "" would be dropped under a hardship discharge. '' Relying on this official representation from an officer of the court, I believed the legal matter was finalized and closed. However, XXXX months later, LVNV Funding LLC and its attorney secretly went back to the courtwithout my knowledge, notice, or serviceand fraudulently obtained a default judgment against me. This is a malicious "" sewer service '' tactic designed to intentionally deprive me of my constitutional right to due process and defense. I possess irrefutable evidence of this deception, including the electronic emails and audio recordings of the attorney making these false claims. To compound this harassment, LVNV Funding LLC is engaging in unlawful multiple reporting. They have XXXX additional duplicate tradelines on my Equifax, Experian, and TransUnion credit files for what originates from the same financial profiles or are unconfirmable. This artificial inflation of alleged accounts severely penalizes my XXXX XXXX. I am an individual oXXXX XXXX XXXX and my sole income consists of XXXX XXXX XXXX XXXX XXXX ), which are entirely exempt from garnishment or collection under federal law. LVNV Funding and its legal counsel are knowingly utilizing fraudulent litigation tactics to intimidate a protected, judgment-proof disabled citizen. Note : The company was notified of these issues and had no response during recorded phone calls on XX/XX/year>. I am not going to relinquish the recordings or emails at this time. If this is not resolved, I will turn them over to a local consumer attorney to pursue this further in all possible formats Desired Resolution : Immediate deletion of all XXXX LVNV Funding tradelines and suppression of the fraudulent judgment from all credit bureaus. Complete dismissal of the lawsuit and vacating of the fraudulently obtained judgment. Cease and desist all further collection activities, legal actions, and contact regarding these alleged accounts."
23997770,I don't know anything about this debt .It must be fraudulent
24023145,On XX/XX/year> Prg XXXX left a voice mail with my daughter and husband stating XXXX XXXX which was my name before I married twice now that there was a compliant that was pending being filed due to lack of response. I was contacted once by a different company never by this one in writing or phone. When I spoke to a person they stated that I had to make a payment today or a payment plan or I was going to be sued. I explained that I had talked with the original debt company and they explained it was bought and I had to make arrangements to pay this I could talk with someone to see if I qualify for a discount due to my limited free money at this time another person got on the phone and stated I had two choices I could pay today or they could put a lein on my car they would garnish my wages and proceeded to bully and make assumptions about what was going to happen. They gave me a deadline and then said I had until XXXX to pay. I told them I couldn't do those arrangements. They then messaged my husband again with the message that I needed to pay. They sent email stating that I had agreed to male a payment and the payment was denied that was false information they had no bank account information from me noe was any payment attempts were made on my current bank account in fact the bank account on original contract has been closed for over 3 years.
24029514,"XXXXDear CFPBXXXX, XXXX XXXX XXXX XXXX, AM DEMANDING RETROACTIVE AND PERMANENT REMOVAL OF XXXX INCORRECT AND ERRED DEROGATORY CREDIT REPORTING OF 120-DAYS DELINQUENT [XXXX XXXX XXXX XXXX], AS THE EDUCATIONAL STUDENT LOANS HAVE NEVER BEEN DELINQUENT, NOR LATE PRIOR TO XXXX XXXX XXXX. PLEASE KNOW: MY EDUCATIONAL STUDENT LOANS HAVE ALWAYS BEEN IN A PROTECTED STATUS, EITHER THROUGHXXXXANNUALLY RECERTIFIED INCOME-DRIVEN REPAYMENT PLAN, IDR, ACCURATELY CALCULATED AT ($0/MONTHLYXXXX XXXXOR IN A MANDATED PAYMENT PAUSE DURING THE XXXX XXXX ERA, XXXXOR IN AN APPROVED ADMINISTRATIVE FORBEARANCEXXXXNEVER DELINQUENT. XXXX DEFIANTLY REFUSES TO ACKNOWLEDGE AND HONOR THE XXXX XXXX XXXX APPROVED, INVOLUNTARILY IMPLEMENTED ADMINISTRATIVE FORBEARANCE. I AM DEMANDING THE ASSISTANCE OF THE CFPB, BY WAY OF FEDERAL STUDENT AID OMBUDSMAN, IN ASSISTANCE IN MAKING XXXX ACKNOWLEDGE AND HONOR THE INVOLUNTARILY PLACED ADMINISTRATIVE FORBEARANCE XXXX XXXX XXXX XXXX), AND MAKE XXXX RETROACTIVELY AND PERMANENTLY REMOVE THEIR FACTUALLY INACCURATE ADVERSE CREDIT REPORTING [OF 120-DAYS DELINQUENT], BECAUSE EDUCATIONAL STUDENT LOANS HAVE NEVER BEEN DELINQUENT. I ATTEST, AFFIRM, AND CERTIFY THE INFORMATION IS VERY ACCURATE AND VERY TRUTHFULXXXXVERY BLESSED,XXXX XXXX XXXX XXXX XXXX XXXX XXXX XXXX XXXX XXXX XXXX XXXX XXXX XXXX XXXX XXXX"
24101262,"XXXX XXXX filed a civil lawsuit against me, and I was never properly served with the complaint or accompanying documentation. A default judgment was subsequently entered in their favor. I filed a Motion to Vacate the Default Judgment, attaching supporting documentation. XXXX XXXX, counsel for XXXX XXXX, requested to be excused from attending the hearing regarding my Motion to Vacate Default, and the default was nonetheless granted. Separately, XXXX of XXXX XXXXXXXX has contacted me regarding settlement of the alleged debt. I formally requested written validation of this debt, including : XXXX. The name of the original creditor XXXX. The account number associated with the debt XXXX. The total amount owed, including any fees or interest XXXX. Documentation demonstrating your legal authority to collect on this account To date, I have only received a statement from XXXX XXXX, which does not provide the requested documentation or verification of the debt. I hereby reiterate my request for full written validation in accordance with applicable law. Please provide the information requested before any further collection activity is pursued."
24116142,"I have disputed this debt on XX/XX/year> regarding {$120.00}, and {$260.00} debt amounts owed, and the debt has not been removed from my credit reports. The debt collector has verified this debt as accurate with XXXX, but this is not correct information. Upon trying to resolve this debt collection, it states this debt is from XXXX XXXX XXXX XXXX XXXX, which I have resolved already. This has caused undue financial hardship and distress for me, which has negatively impacted my credit, and I want to have this debt removed from my XXXX XXXX XXXX XXXX reports immediately."
24120907,"For nine years i made large and minimum payments on all credit cards, totallyng on earning, at least {$10000.00}. These payments were done with cash money green bills, anF they counted for nothing. They dissappeared in the illution of percentage and interest. Now XXXX says that if i pay for example on one credit card, ( account # XXXX, last XXXX # XXXX ) XXXX monthly payments of {$77.00} this debt will be paid. But how and why? Why are payments valid with XXXX and not the bank? Why does the clock start with them?"
24122007,"Subject : Request for Investigation and Validation of Reported Account Under the Fair Credit Reporting Act ( FCRA ) * * I am filing this complaint regarding the account being reported by Westlake Financial. I dispute the accuracy and completeness of the information being furnished to the consumer reporting agencies and request a thorough investigation. Pursuant to the Fair Credit Reporting Act ( FCRA ), including 15 U.S.C. 1681s-2 ( a ) and 1681s-2 ( b ), furnishers of information are required to report accurate and complete information and to conduct a reasonable investigation upon receiving notice of a dispute. Accordingly, I request that Westlake Financial provide competent evidence supporting the account they are reporting, including but not limited to : * A copy of the original signed retail installment contract or loan agreement. * A complete payment history from the date the account was opened. * An itemized accounting of the current balance, including principal, interest, fees, and any other charges. * Documentation supporting the payment history, account status, dates of delinquency, and any other information furnished to the consumer reporting agencies. * Documentation demonstrating that the information being reported has been verified as accurate and complete. If Westlake Financial is unable to provide documentation sufficient to substantiate the accuracy of the information being reported, I request that the inaccurate or unverifiable information be corrected or deleted from all consumer credit reports, as required by the FCRA. To the extent that the Fair Debt Collection Practices Act ( FDCPA ), 15 U.S.C. 1692 et seq., applies to any entity attempting to collect this alleged debt, I also request validation of the debt and compliance with all applicable federal requirements. I respectfully request that the Consumer Financial Protection Bureau ensure this matter is fully investigated and that Westlake Financial complies with all applicable federal laws governing the accuracy, verification, and reporting of consumer credit information. Thank you for your attention to this matter."
24146762,They need to take that amount off and I want them to delete that off my report asap
24146843,Portfolio Recovery sued me without any notice about court I was unaware about court never received anything in the mail I dont even know the debt I filed me taxes and months went by and I havent received my state taxes the day that I was supposed to receive my taxes I go online and its stated that my taxes was taking basically I called to see what was going on and they told me that portfolio recovery took my refund of XXXX without any warning plus attorneys fees that was close to XXXX in which they might try to take my taxes next year because it wasnt equal up to what they took in XXXX I was depending on that money cause I unexpectedly lost my job due to closure of the company so bills was pilling up rent etc and Im still out of a job and in further debt and unable to pay Im facing hardship right now about a debt that I have no clue about
24147232,"I requested formal statutory debt validation under California Civil Code 1788.52. Specifically, I demanded : 1 ) A complete chain of title showing the legal transfer of this specific account from XXXXXXXX XXXX to Resurgent Acquisitions LLC. 2 ) The original account agreement and date of default. 3 ) An itemized breakdown of the alleged {$3700.00} balance Yes. I sent a timely, formal dispute and debt validation letter via XXXX XXXX Mail, which Resurgent Capital Services physically signed for and received on XX/XX/year>. I also previously filed CFPB Case # XXXX. Instead of fixing the issue by sending the required validation paperwork, they ignored my legal rights and jumped straight to placing a negative collection mark on my credit report"
24149347,Rausch & Sturm - attempted to have me served but the address they served was not my residence and was my son 's - Person who provided the documents did not even ask my sister their name and gave her the documents and this property was on secured grounds that he could not have gained entry without a gate code or approval to enter the property by resident.
24154895,This company sent a bill of sale with the amount covered if they can can send a bill of sale they can send the requested documents thats connected to the bill of sale
24157666,"I disputed an XXXX XXXX XXXX account on my eqiufax credit report twice, on XX/XX/year> and XX/XX/year>. XXXX reviewed the same account and deleted it after its XXXX proper investigation. but Equifax continues to report it as verified. I have requested the method or verification and documentation supporting the accounts accuracy but equifax continues to report it as verified"
24157762,"b'is a timely written dispute of the alleged debt. I dispute this debt in its entirety and request written validation/verification under federal debt-collection law. This letter is not a refusal to pay, but a notice that I dispute the debt. I do not admit liability or owing any amount. ADVANCE AMERICA XXXX XX/XX/XXXX XXXX am writing in response to your collection notice about the account you claim I owe. I dispute this debt in its entirety and request validation. I am exercising my rights under the XXXX XXXX XXXX,'"
24178505,"I recently am in the transition of moving out my apartment to a different location checked my report and on XXXX of this year this collection account was added to my credit report Im a few points short of qualifying for a new apartment. I disputed this account already it just popped back up. The name of the company is Ability Recovery Services LLC. I never applied for a card or any services this company provides desired resolution is to be removed from all three credit bureaus so I can get approved for new residence. Ive disputed this already as fraud and now Im disputing again, the total amount for this collection is {$560.00}."
24196342,"I am filing a formal complaint against Lobel Financial and their third-party collection agency, XXXXXXXX XXXX XXXXXXXX XXXX for egregious, ongoing violations of the Fair Credit Reporting Act ( FCRA ) and the Fair Debt Collection Practices Act ( FDCPA ). This company is actively publishing false, unverified data that XXXX damages my credit profile. As of XX/XX/XXXX, my credit reports ( via XXXX XXXX ) show a balance of {$25000.00}, which increases dynamically every month or XXXX, tanking my credit score. However, I received official documentation from XXXX XXXX XXXX containing three completely different totals that prove their math is broken and unverified : 1. An official internal financial ledger page showing my actual balance is {$17000.00}. 2. A XXXX XXXX XXXX debt cover letter stating my balance is {$23000.00}. 3. The credit bureau reporting stating my balance is {$25000.00}. Account and Call Timeline : * XX/XX/XXXX : I disputed the inaccurate balance via XXXX XXXX XXXX XXXX ). The bureau returned the dispute as "" unknown/verified, '' leaving the incorrect balance active. * XX/XX/XXXX : I called Lobel Financial to demand an explanation for the highly inflated balance. They refused to explain the numbers and falsely threatened that I was currently "" being sued '' and the lady on the phone stated you wont last long in this economy not working and when you do work all your money will come to us and you wont be able to ever buy a house you'll see to scare me. I immediately filed another credit bureau dispute for inaccuracy, which was denied. * XX/XX/XXXX : I called Lobel Financial back to verify the lawsuit status. They completely reversed their story, stating no legal action was being taken, but claimed they no longer handle the account and directed me to XXXX XXXX XXXX. * XX/XX/XXXX : I contacted XXXXXXXX XXXX XXXXXXXX. They quoted a balance of {$23000.00}, which directly conflicted with the {$25000.00} on my credit report. I demanded a full itemized report and filed an immediate bureau dispute after the phone call. Last week, XXXX XXXX indicated the dispute was approved, yet no balance correction or deletion occurred. * XX/XX/XXXX ( XXXX XXXX ) : I received XXXX XXXX XXXX 's written packet containing the conflicting cover letter ( {$23000.00} ) and ledger ( {$17000.00} ). I called their office. The first agent was completely confused by the numbers. I was transferred to a second agent named XXXX. XXXX explicitly admitted on a recorded line that she was confused by the dates and balances, confirmed she sees no interest being added to justify the hikes, and asked if it was reporting under Lobel Financial. She stated she had to transfer the file to an account manager because nobody in their office can explain or verify these three different totals. Under the FCRA and FDCPA, a debt collector can not report or attempt to collect an unverified, inaccurate balance, nor can they threaten legal action they do not intend to take. Because both companies have demonstrated a complete lack of accurate record-keeping and are willfully destroying my credit profile with false data, I demand a COMPLETE DELETION of this entire tradeline from XXXX XXXX XXXX XXXX immediately XXXX"
24199424,""" National Credit Systems ( NCS ) is reporting an unverified and inaccurate collection account on my credit file. I was on a month-to-month lease where my tenant portion was paid directly to XXXX, who then paid the landlord. XXXX XXXX XXXX officially closed this account and reported a XXXX dollar ( {$0.00} ) balance directly on my credit report. Months later, NCS illegally reopened this account. The ledger provided by NCS shows XXXX 's payments. Crucially, when I called NCS to dispute this, the representative explicitly admitted on their own recorded phone line that this debt 'did not make sense ' and was incorrect. Despite this verbal admission captured on their corporate call recording, NCS has refused to delete the trade line. NCS is knowingly reporting false information in violation of the FDCPA and FCRA. I demand immediate and permanent deletion of this account. ''"
24207269,"In XXXX I had XXXX XXXX, I was promised No contract, the problem begin when my bill kept going up XXXX up. I tried calling XXXX they kept giving bogus excuses, I kept paying because I needed a phone for work XXXX my sons school. When I told them I was switching carriers because it just kept going up, they tried to tell me I needed XXXX pay the next month bill even though the day before I had just paid that months bill. I told them I would not be as I was done with the service. Yes it went into collections. However someone has re-opened it and it is back on my credit and says its been open for XXXX months. I have done, prepaid, XXXX XXXX XXXX the last XXXX years. I would like for this XXXX be removed from my credit as this is not a new or open debt. I have no proof except my XXXX bill the last XXXX years XXXX an email from XXXX of pictures I sent myself thats states XXXX XXXX"
24207294,"My credit report in the case debt that I am not aware of, and I feel that the information of the debt is inaccurate And I have no knowledge of on the company listed"
24363888,Navy Federal Credit Union has repeatedly withdrawn any and all money from my checking account for a credit card debt that has been written off for at least 8 years. There has been no authorization given nor no notice of such seizure of money for said debt. They have taken exempt money as well such as student loan refunds.
24402391,"I was previously informed, and your representative confirmed in writing, that the insurance policy had been canceled. I have email correspondence documenting this confirmation. The policy was associated with XXXX XXXX XXXX, which is a corporation. I was not the guarantor, named insured responsible for the debt, or otherwise personally liable for any outstanding balance. I do not understand how my personal information became associated with this corporate policy. I never received any invoices, notices of cancellation for non-payment, collection notices, or any communication indicating that I personally owed a balance. Any communications regarding this policy were directed to the company, not me. Despite this, the alleged debt has been reported against my personal credit file, causing damage to my creditworthiness. This reporting appears to be inaccurate and unsupported. My credit score just received a notification that it dropped over points."
24432150,"XXXX XXXX XXXX XXXX XXXXXXXX XXXX XXXX XXXX XXXX XXXX XXXX XXXX XXXXXXXX Date : __________ TransUnion LLC Subject : Identity Theft/Fraudulent Collection Account Dispute To Whom It May Concern, I am writing to formally dispute a collection account appearing on my TransUnion credit report that I believe resulted from identity theft or mistaken identity. Collection Agency : XXXX XXXX XXXX ( XXXX ) Account Number : XXXX Reported Balance : {$820.00} I did not open, authorize, or assume responsibility for the account that gave rise to this collection. I dispute this account in its entirety. Pursuant to the Fair Credit Reporting Act, I request that TransUnion conduct a reasonable investigation and require the furnisher to provide documentation demonstrating that I authorized or am legally responsible for this account. Please provide or verify : * A signed application, contract, or agreement bearing my signature. * Documentation establishing that I am legally responsible for the debt. * The name of the original creditor. * Any records used to verify this account. If this information can not be verified, I request that this collection account be deleted from my TransUnion credit report immediately under FCRA 602A and 611. I have enclosed copies of my government-issued identification, proof of address, and a copy of my credit report identifying the disputed account. Please notify me in writing of the results of your investigation. Sincerely, XXXX XXXX"
24441403,Debt collector is trying to collect a debt that might or might not be mine. They are aggressive in their efforts and its very disturbing. The debt is said to be around {$220.00} and is tied to a XXXX bill.
24482149,"They have sent me letters, called me numerous times from different numbers from all kinds of places to collect a debt."
24506985,"PRIOR CFPB CASE NUMBER : COMPLAINT ID XXXX XXXX XXXX File Number : XXXX Original Creditor : XXXX XXXX XXXX. I am filing this follow-up complaint because Rausch Sturm provided a false and non-functional resolution to my previous CFPB case. The first installment of {$78.00} was attempted on XX/XX/XXXX, but their defective portal actively blocked the transaction. Following that initial case, Rausch Sturm restored my website portal access and sent me a formal letter explicitly stating I could resolve this debt by paying through their website. Acting in complete good faith, I logged in to make the payment. However, their website portal is entirely defective. When I input my information, the system flags my bank routing number as "" invalid. '' I have since double-checked and verified directly with my financial institution that this XXXX-digit routing number is XXXX % correct, active, and valid for electronic ACH transactions. I even copied and pasted it directly from my online banking profile. I uploaded screenshots of this system error directly into Rausch Sturm 's portal early last week and left multiple voicemails explaining the technical issue. They have completely ignored my outreach. Rausch Sturm authorized website payments to a federal agency, but their broken payment infrastructure is actively blocking me from paying. Meanwhile, they continue to threaten me with a process server. I request that the CFPB compel XXXX XXXX to manually process my payment over the phone with no extra fees, honor the date of my original XX/XX/XXXX attempt, and stop all legal escalation."
24507687,"On XX/XX/year>, a collection account of {$1400.00} was opened on my credit report. I submitted an apartment application, but I NEVER signed a lease agreement, NEVER received keys, and NEVER occupied the property I have no contractual or financial responsibility for this debt. Under consumer protection laws, a consumer can not be billed for lease obligations without a signed lease agreement. The collection agency is attempting to collect an invalid debt that is not owed."
24524886,"I am filing a formal regulatory complaint against debt collector CB1, Inc. for severe statutory violations of the Fair Debt Collection Practices Act ( FDCPA ), XXXX XXXX. XXXX, and state consumer protection laws. On XX/XX/year>, I sent a timely, written Debt Validation Request to CB1 via XXXX XXXX Mail. Official postal records and a signed domestic return card prove CB1 accepted my dispute, and a postal postmark establishes it was processed at their local Billings distribution hub on XX/XX/year>. Under XXXX XXXX. XXXX ( b ), a debt collector must cease all collection efforts and litigation activities upon receipt of a consumer 's written dispute until the debt collector mails verification to the consumer. Rather than honoring this mandatory federal freeze, CB1s legal counsel signed a civil lawsuit complaint against me on XX/XX/year>, and actively filed it in court on XX/XX/year>. CB1 did not mail out my debt verification response packet until XX/XX/XXXX, XXXX full weeks after initiating active litigation. Furthermore, CB1 has utilized fraudulent, back-dated, and chronologically impossible billing documentation to sue me for an inflated principal balance of {$290.00} on a clinic account where the original creditor 's own ledger explicitly shows internal adjustments reduced my patient responsibility line to {$0.00}. CB1 has also initiated illegal collection actions and a lawsuit on a separate hospital account that was fully covered by my active XXXX of Montana ACA XXXX XXXX on the date of service, which is legally uncollectible under state billing regulations. I request a formal administrative investigation into CB1s deceptive litigation timelines, billing ledger integrity, and debt collection licensing status in the XXXX of Montana."
24632105,"I requested documentation showing that the debt is valid, including the date the debt was allegedly incurred, the original creditor, a copy of any contract or agreement creating the debt, and proof that the company owns or has the legal right to collect the debt. The company stated that the account is closed, they do not have the debt, they never purchased the debt, and they do not have a contract or supporting documentation."
24664069,""" This collection agency is illegally re-aging a debt. The original utility service with XXXX ended permanently on XX/XX/XXXX. The agency has fraudulently updated the reporting date to XXXX to bypass the FCRA 7-year obsolete data limit. I have attached written confirmation from XXXX proving the XXXX service dates. I demand immediate deletion of this collection. ''"
24732836,"Subject : Request for Reinvestigation Under the Fair Credit Reporting Act ( XXXX XXXX. XXXX XXXX XXXX XXXX XXXX XXXXXXXX Dispute Center I am writing to formally dispute the I.C. System, Inc. collection account reporting on my XXXX credit report. The account is reporting an alleged balance of {$97.00}, with XXXX XXXX XXXX listed as the original creditor. I dispute the accuracy and completeness of this account and request that XXXX conduct a reasonable reinvestigation as required by the Fair Credit Reporting Act. Pursuant to XXXX XXXX. XXXX, XXXX must conduct a reasonable reinvestigation of disputed information. Additionally, under XXXX XXXX. XXXX ( b ), consumer reporting agencies are required to follow reasonable procedures to assure the maximum possible accuracy of the information contained in consumer reports. Accordingly, I request that XXXX : XXXX a reasonable reinvestigation of this collection account. Require I.C. System, Inc. to provide competent evidence that the debt is accurate, belongs to me, and is legally reportable. Verify the original creditor information, account balance, date of delinquency, and all other information being reported. Delete the collection account if the furnisher can not provide sufficient documentation to verify the accounts accuracy and completeness. Additionally, pursuant to 15 U.S.C. 1681i ( a ) ( 6 ) ( B ) ( iii ), please provide me with the name, address, and telephone number of the entity that verified this information, along with a description of the procedures used during your reinvestigation. If the information can not be verified as accurate and complete, I request that it be deleted from my credit file in accordance with the Fair Credit Reporting Act. Thank you for your prompt attention to this matter. I look forward to receiving the results of your investigation within the time allowed by law."
